cust_id,cust_name,cust_group,rep_name,rep_manager
1,Oliver Cosmetics Ericfort Boutique,Oliver Cosmetics Group,Dylan Miller,Stephanie Ross
2,Mendoza Parfum Jamesland Boutique,Mendoza Parfum Group,Dylan Miller,Stephanie Ross
3,Smith Scents New Paulmouth Shop,Smith Scents Corp,Dylan Miller,Stephanie Ross
4,Oliver Cosmetics Robertmouth Boutique,Oliver Cosmetics Group,Dylan Miller,Stephanie Ross
5,Taylor Scents Tonyafurt Store,Taylor Scents Corp,Dylan Miller,Stephanie Ross
6,Powell Cosmetics Port Joanna Outlet,Powell Cosmetics Corp,Dylan Miller,Stephanie Ross
7,Taylor Scents Maryhaven Boutique,Taylor Scents Corp,Dylan Miller,Stephanie Ross
8,Jarvis Scents North Chelsea Gallery,Jarvis Scents Holding,Dylan Miller,Stephanie Ross
9,Taylor Scents Lake Kaylaland Shop,Taylor Scents Corp,Dylan Miller,Stephanie Ross
10,Taylor Scents Sandershaven Boutique,Taylor Scents Corp,Dylan Miller,Stephanie Ross
11,Powell Cosmetics Howardhaven Market,Powell Cosmetics Corp,Dylan Miller,Stephanie Ross
12,Powell Parfum Davidhaven Corner,Powell Parfum Group,Gina Moore,Zachary Hicks
13,Lynch Beauty East Robert Boutique,Lynch Beauty Group,Connie Lawrence,Anthony Rodriguez
14,Garcia Cosmetics Barbarachester Market,Garcia Cosmetics Corp,Dylan Miller,Stephanie Ross
15,Thompson Parfum Taylortown Boutique,Thompson Parfum Group,Jamie Arnold,Zachary Hicks
16,Moore Cosmetics East Robertchester Market,Moore Cosmetics Corp,Jamie Arnold,Zachary Hicks
17,Bright Scents Danielhaven Gallery,Bright Scents Corp,Jamie Arnold,Zachary Hicks
18,Young Scents East Jessicahaven Boutique,Young Scents Holding,Jamie Arnold,Zachary Hicks
19,Carrillo Beauty Mayland Corner,Carrillo Beauty Group,Jamie Arnold,Zachary Hicks
20,Watts Fragrance Lake Tara Boutique,Watts Fragrance Holding,Jamie Arnold,Zachary Hicks
21,Bright Scents Lake Rebecca Corner,Bright Scents Corp,Jamie Arnold,Zachary Hicks
22,Page Scents Lake Bradley Shop,Page Scents Holding,Jamie Arnold,Zachary Hicks
23,Bright Scents New Melissaburgh Plaza,Bright Scents Corp,Jamie Arnold,Zachary Hicks
24,Bennett Fragrance South Mary Outlet,Bennett Fragrance Holding,Margaret Hawkins Dds,Stephanie Ross
25,Marsh Beauty Donaldtown Gallery,Marsh Beauty Corp,Connie Lawrence,Anthony Rodriguez
26,Carpenter Parfum North Billyfurt Store,Carpenter Parfum Holding,Margaret Hawkins Dds,Stephanie Ross
27,Stein Beauty Brittanyview Boutique,Stein Beauty Holding,Margaret Hawkins Dds,Stephanie Ross
28,Wang Parfum Thomasfort Boutique,Wang Parfum Corp,Gina Moore,Zachary Hicks
29,Bailey Fragrance East Brendanfurt Shop,Bailey Fragrance Holding,Margaret Hawkins Dds,Stephanie Ross
30,Smith Scents East Kathryn Shop,Smith Scents Corp,Margaret Hawkins Dds,Stephanie Ross
31,Ramsey Beauty Johnstad Corner,Ramsey Beauty Holding,Jamie Arnold,Zachary Hicks
32,Herrera Parfum Saunderston Shop,Herrera Parfum Holding,Margaret Hawkins Dds,Stephanie Ross
33,Bennett Fragrance Lake Benjamin Outlet,Bennett Fragrance Holding,Margaret Hawkins Dds,Stephanie Ross
34,Walton Scents North Michaelport Market,Walton Scents Group,Connie Lawrence,Anthony Rodriguez
35,Wright Fragrance South Megan Corner,Wright Fragrance Corp,Jamie Arnold,Zachary Hicks
36,White Beauty South Christopher Store,White Beauty Corp,Margaret Hawkins Dds,Stephanie Ross
37,Baldwin Beauty Lake Reneeland Corner,Baldwin Beauty Group,Connie Lawrence,Anthony Rodriguez
38,Rodgers Cosmetics Gonzalezside Plaza,Rodgers Cosmetics Holding,Margaret Hawkins Dds,Stephanie Ross
39,Kaufman Scents East Meghan Plaza,Kaufman Scents Holding,Margaret Hawkins Dds,Stephanie Ross
40,Bennett Fragrance Westfort Boutique,Bennett Fragrance Holding,Margaret Hawkins Dds,Stephanie Ross
41,Kaufman Scents Port Nicole Plaza,Kaufman Scents Holding,Margaret Hawkins Dds,Stephanie Ross
42,Bennett Fragrance South Aprilhaven Outlet,Bennett Fragrance Holding,Margaret Hawkins Dds,Stephanie Ross
43,Smith Scents North Wayneland Shop,Smith Scents Holding,Brian Ramirez,Zachary Hicks
44,Williams Beauty West Ashleyville Outlet,Williams Beauty Corp,Brian Ramirez,Zachary Hicks
45,Rhodes Cosmetics New Charlesbury Market,Rhodes Cosmetics Group,Gina Moore,Zachary Hicks
46,Henson Cosmetics Terryton Boutique,Henson Cosmetics Corp,Brian Ramirez,Zachary Hicks
47,Henson Cosmetics Stephanieton Outlet,Henson Cosmetics Corp,Brian Ramirez,Zachary Hicks
48,Smith Scents Joseview Market,Smith Scents Holding,Brian Ramirez,Zachary Hicks
49,Moore Beauty Karenmouth Market,Moore Beauty Corp,Cristian Santos,Zachary Hicks
50,Craig Scents Port Shellyton Plaza,Craig Scents Corp,Lisa Jackson,Stephanie Ross
51,Smith Scents Maryburgh Corner,Smith Scents Holding,Brian Ramirez,Zachary Hicks
52,Bullock Scents Port William Corner,Bullock Scents Corp,Lisa Hensley,Stephanie Ross
53,Bell Cosmetics South Mary Outlet,Bell Cosmetics Corp,Lisa Jackson,Stephanie Ross
54,Ferguson Cosmetics East Jocelynchester Store,Ferguson Cosmetics Corp,Lisa Hensley,Stephanie Ross
55,Kemp Fragrance Davisstad Store,Kemp Fragrance Group,Ryan Munoz,Judy Baker
56,Crawford Beauty Taylorland Market,Crawford Beauty Group,Gina Moore,Zachary Hicks
57,Gonzalez Parfum East Nicoleside Outlet,Gonzalez Parfum Holding,Lisa Jackson,Stephanie Ross
58,Smith Scents Michaelstad Store,Smith Scents Holding,Brian Ramirez,Zachary Hicks
59,Acosta Beauty Port Michaelbury Corner,Acosta Beauty Holding,Lisa Jackson,Stephanie Ross
60,Smith Scents Lake Bradyview Store,Smith Scents Holding,Brian Ramirez,Zachary Hicks
61,Acosta Beauty Josephton Corner,Acosta Beauty Holding,Lisa Jackson,Stephanie Ross
62,Acosta Beauty Nicholasmouth Corner,Acosta Beauty Holding,Lisa Jackson,Stephanie Ross
63,Crawford Beauty Seanland Plaza,Crawford Beauty Group,Gina Moore,Zachary Hicks
64,Baldwin Cosmetics Danielland Store,Baldwin Cosmetics Corp,Lisa Jackson,Stephanie Ross
65,Sawyer Parfum New Jeffery Corner,Sawyer Parfum Corp,Brian Ramirez,Zachary Hicks
66,Baldwin Cosmetics Sharpstad Market,Baldwin Cosmetics Corp,Lisa Jackson,Stephanie Ross
67,Lopez Beauty Juanchester Boutique,Lopez Beauty Holding,Lisa Hensley,Stephanie Ross
68,Cook Parfum Port Alyssaport Shop,Cook Parfum Corp,Brian Ramirez,Zachary Hicks
69,Lopez Beauty East Calebville Boutique,Lopez Beauty Holding,Lisa Hensley,Stephanie Ross
70,Lopez Beauty Robbinsside Boutique,Lopez Beauty Holding,Lisa Hensley,Stephanie Ross
71,Potter Cosmetics Victoriafort Shop,Potter Cosmetics Corp,Connie Lawrence,Anthony Rodriguez
72,Vargas Parfum Port Jasonfort Market,Vargas Parfum Corp,Brian Ramirez,Zachary Hicks
73,Lane Scents Lake Sabrinamouth Market,Lane Scents Holding,Lisa Hensley,Stephanie Ross
74,Lane Scents North Michael Corner,Lane Scents Holding,Lisa Hensley,Stephanie Ross
75,Morris Parfum North Jeffreyside Boutique,Morris Parfum Group,Gina Moore,Zachary Hicks
76,Brown Fragrance Stefanieport Store,Brown Fragrance Group,Lisa Jackson,Stephanie Ross
77,Brown Fragrance Port Lorimouth Corner,Brown Fragrance Group,Lisa Jackson,Stephanie Ross
78,Brown Fragrance Robertfort Outlet,Brown Fragrance Group,Lisa Jackson,Stephanie Ross
79,Brown Fragrance South Johnbury Gallery,Brown Fragrance Group,Lisa Jackson,Stephanie Ross
80,Brown Fragrance West Joanna Plaza,Brown Fragrance Group,Lisa Jackson,Stephanie Ross
81,Brown Fragrance Robertport Gallery,Brown Fragrance Group,Lisa Jackson,Stephanie Ross
82,Morris Parfum Port Yolanda Store,Morris Parfum Group,Gina Moore,Zachary Hicks
83,Brown Fragrance Brittanyburgh Boutique,Brown Fragrance Group,Lisa Jackson,Stephanie Ross
84,Morris Parfum Andreaville Store,Morris Parfum Group,Gina Moore,Zachary Hicks
85,Brown Fragrance Johnfort Gallery,Brown Fragrance Group,Lisa Jackson,Stephanie Ross
86,Garner Fragrance Alexandertown Shop,Garner Fragrance Group,Lisa Jackson,Stephanie Ross
87,Morris Parfum Port Kyleland Gallery,Morris Parfum Group,Gina Moore,Zachary Hicks
88,Freeman Beauty Mooreborough Plaza,Freeman Beauty Group,Lisa Jackson,Stephanie Ross
89,Lewis Fragrance New Jamesland Shop,Lewis Fragrance Corp,Lisa Hensley,Stephanie Ross
90,Smith Beauty Anthonyborough Gallery,Smith Beauty Holding,Lisa Jackson,Stephanie Ross
91,Mason Fragrance East Jackchester Corner,Mason Fragrance Holding,Carla Gray,Zachary Hicks
92,Jordan Fragrance Kellymouth Plaza,Jordan Fragrance Holding,Lisa Jackson,Stephanie Ross
93,Jordan Fragrance New Brenda Boutique,Jordan Fragrance Holding,Lisa Jackson,Stephanie Ross
94,Deleon Cosmetics East Austinborough Corner,Deleon Cosmetics Group,Lisa Hensley,Stephanie Ross
95,Ochoa Cosmetics Simonport Boutique,Ochoa Cosmetics Group,Lisa Hensley,Stephanie Ross
96,Hahn Fragrance East James Market,Hahn Fragrance Group,Carla Gray,Zachary Hicks
97,Ochoa Cosmetics West Stevenborough Gallery,Ochoa Cosmetics Group,Lisa Hensley,Stephanie Ross
98,Ochoa Cosmetics Lake Joannamouth Gallery,Ochoa Cosmetics Group,Lisa Hensley,Stephanie Ross
99,Rodriguez Fragrance New Samanthamouth Plaza,Rodriguez Fragrance Holding,Carla Gray,Zachary Hicks
100,Ochoa Cosmetics Scottmouth Store,Ochoa Cosmetics Group,Lisa Hensley,Stephanie Ross
101,Ochoa Cosmetics Houseview Store,Ochoa Cosmetics Group,Lisa Hensley,Stephanie Ross
102,Ochoa Cosmetics Jenkinsport Gallery,Ochoa Cosmetics Group,Lisa Hensley,Stephanie Ross
103,Ochoa Cosmetics South Deborah Corner,Ochoa Cosmetics Group,Lisa Hensley,Stephanie Ross
104,Ochoa Cosmetics Caseland Shop,Ochoa Cosmetics Group,Lisa Hensley,Stephanie Ross
105,Collins Beauty Andrewmouth Boutique,Collins Beauty Group,Lisa Jackson,Stephanie Ross
106,Warren Cosmetics Karenton Shop,Warren Cosmetics Group,Lisa Jackson,Stephanie Ross
107,Anderson Beauty Richardborough Boutique,Anderson Beauty Group,Carla Gray,Zachary Hicks
108,Andersen Beauty Millerborough Corner,Andersen Beauty Holding,Lisa Jackson,Stephanie Ross
109,Reed Cosmetics Sanchezport Boutique,Reed Cosmetics Corp,Lisa Hensley,Stephanie Ross
110,Reed Cosmetics North Andrea Boutique,Reed Cosmetics Corp,Lisa Hensley,Stephanie Ross
111,Henderson Cosmetics South Jennifermouth Gallery,Henderson Cosmetics Group,Carla Gray,Zachary Hicks
112,Reed Cosmetics Lake Tina Corner,Reed Cosmetics Corp,Lisa Hensley,Stephanie Ross
113,Reed Cosmetics Vickiside Corner,Reed Cosmetics Corp,Lisa Hensley,Stephanie Ross
114,Cortez Cosmetics Lake Stephanie Boutique,Cortez Cosmetics Holding,Carla Gray,Zachary Hicks
115,Reed Cosmetics Lake Mariafurt Shop,Reed Cosmetics Corp,Lisa Hensley,Stephanie Ross
116,Schmidt Cosmetics Martinborough Outlet,Schmidt Cosmetics Group,Lisa Hensley,Stephanie Ross
117,King Cosmetics East Bailey Boutique,King Cosmetics Holding,Carla Gray,Zachary Hicks
118,Thompson Scents West Carolyn Outlet,Thompson Scents Corp,Carla Gray,Zachary Hicks
119,Molina Beauty Caitlinside Store,Molina Beauty Corp,Carla Gray,Zachary Hicks
120,Molina Beauty South Jennifer Gallery,Molina Beauty Corp,Carla Gray,Zachary Hicks
121,Molina Beauty Port Brianna Gallery,Molina Beauty Corp,Carla Gray,Zachary Hicks
122,Molina Beauty East Nicholas Boutique,Molina Beauty Corp,Carla Gray,Zachary Hicks
123,Molina Beauty Burnschester Gallery,Molina Beauty Corp,Carla Gray,Zachary Hicks
124,Molina Beauty Shawfort Gallery,Molina Beauty Corp,Carla Gray,Zachary Hicks
125,King Cosmetics North Stephen Boutique,King Cosmetics Holding,Carla Gray,Zachary Hicks
126,King Cosmetics Lake Joshua Plaza,King Cosmetics Holding,Carla Gray,Zachary Hicks
127,Winters Fragrance New Valerie Store,Winters Fragrance Holding,Connie Lawrence,Anthony Rodriguez
128,Rodriguez Parfum North Angelafurt Gallery,Rodriguez Parfum Group,Lisa Jackson,Stephanie Ross
129,Moody Beauty East Jenniferside Plaza,Moody Beauty Group,Gina Moore,Zachary Hicks
130,Benjamin Fragrance South Melissa Boutique,Benjamin Fragrance Group,Brian Ramirez,Zachary Hicks
131,Powell Cosmetics Caldwellview Corner,Powell Cosmetics Group,Brian Ramirez,Zachary Hicks
132,Smith Scents New Suzanne Gallery,Smith Scents Corp,Dylan Miller,Stephanie Ross
133,Smith Scents Henryland Store,Smith Scents Corp,Dylan Miller,Stephanie Ross
134,Brown Cosmetics West Michelle Shop,Brown Cosmetics Group,Dylan Miller,Stephanie Ross
135,Williams Beauty Port Patriciamouth Boutique,Williams Beauty Corp,Brian Ramirez,Zachary Hicks
136,Williams Beauty Cantrellfurt Boutique,Williams Beauty Corp,Brian Ramirez,Zachary Hicks
137,Horton Cosmetics South Courtneyburgh Store,Horton Cosmetics Holding,Allison Hill,Judy Baker
138,Carr Parfum Johnsonburgh Boutique,Carr Parfum Corp,Margaret Hawkins Dds,Stephanie Ross
139,Wang Fragrance Port Stanley Market,Wang Fragrance Holding,Allison Hill,Judy Baker
140,Moore Fragrance Kellyville Store,Moore Fragrance Group,Lisa Hensley,Stephanie Ross
141,Bates Fragrance South Jacob Market,Bates Fragrance Group,Brian Ramirez,Zachary Hicks
142,Sawyer Parfum Carneyville Corner,Sawyer Parfum Corp,Brian Ramirez,Zachary Hicks
143,Gregory Fragrance Tinatown Plaza,Gregory Fragrance Holding,Lisa Jackson,Stephanie Ross
144,Gregory Fragrance Pageview Boutique,Gregory Fragrance Holding,Lisa Jackson,Stephanie Ross
145,Gregory Fragrance New Mark Gallery,Gregory Fragrance Holding,Lisa Jackson,Stephanie Ross
146,Gregory Fragrance Knightchester Shop,Gregory Fragrance Holding,Lisa Jackson,Stephanie Ross
147,Gregory Fragrance Joshuamouth Outlet,Gregory Fragrance Holding,Lisa Jackson,Stephanie Ross
148,Gregory Fragrance Lake Madelineside Boutique,Gregory Fragrance Holding,Lisa Jackson,Stephanie Ross
149,Carrillo Cosmetics East Joseville Corner,Carrillo Cosmetics Group,Lisa Jackson,Stephanie Ross
150,Taylor Cosmetics Tiffanyview Shop,Taylor Cosmetics Corp,Lisa Jackson,Stephanie Ross
151,Taylor Cosmetics Bauerton Shop,Taylor Cosmetics Corp,Lisa Jackson,Stephanie Ross
152,Morris Scents East Mary Boutique,Morris Scents Holding,Lisa Jackson,Stephanie Ross
153,Nicholson Fragrance West Victoria Store,Nicholson Fragrance Group,Connie Lawrence,Anthony Rodriguez
154,Tran Fragrance Michaelport Market,Tran Fragrance Group,Ryan Munoz,Judy Baker
155,Hall Scents East Davidport Outlet,Hall Scents Corp,Connie Lawrence,Anthony Rodriguez
156,Robinson Cosmetics Katherinetown Shop,Robinson Cosmetics Holding,Connie Lawrence,Anthony Rodriguez
157,Guzman Scents Port Jenny Shop,Guzman Scents Holding,Carla Gray,Zachary Hicks
158,Harrington Fragrance Mitchellmouth Outlet,Harrington Fragrance Corp,Margaret Hawkins Dds,Stephanie Ross
159,Garcia Fragrance North Antoniomouth Plaza,Garcia Fragrance Corp,Margaret Hawkins Dds,Stephanie Ross
160,Benjamin Fragrance Christophermouth Store,Benjamin Fragrance Group,Brian Ramirez,Zachary Hicks
161,Harrison Scents Hallberg Gallery,Harrison Scents Holding,Connie Lawrence,Anthony Rodriguez
162,Molina Beauty New Kyle Outlet,Molina Beauty Corp,Carla Gray,Zachary Hicks
163,Rodriguez Fragrance New Micheleberg Market,Rodriguez Fragrance Holding,Carla Gray,Zachary Hicks
164,Smith Scents Jenkinstown Outlet,Smith Scents Holding,Brian Ramirez,Zachary Hicks
165,Smith Scents Ryanborough Store,Smith Scents Holding,Brian Ramirez,Zachary Hicks
166,Faulkner Fragrance Michaelmouth Plaza,Faulkner Fragrance Holding,Carla Gray,Zachary Hicks
167,Klein Cosmetics Calderonhaven Outlet,Klein Cosmetics Holding,Connie Lawrence,Anthony Rodriguez
168,Berry Beauty Clarkland Plaza,Berry Beauty Corp,Connie Lawrence,Anthony Rodriguez
169,Mays Fragrance Alexandriastad Outlet,Mays Fragrance Corp,Connie Lawrence,Anthony Rodriguez
170,Hawkins Fragrance Geraldhaven Gallery,Hawkins Fragrance Corp,Connie Lawrence,Anthony Rodriguez
171,Baker Cosmetics North Ronaldstad Corner,Baker Cosmetics Corp,Connie Lawrence,Anthony Rodriguez
172,White Beauty South Joseph Shop,White Beauty Holding,Brian Ramirez,Zachary Hicks
173,Hammond Scents Port Katrina Plaza,Hammond Scents Corp,Carla Gray,Zachary Hicks
174,Nicholson Fragrance Jonesville Plaza,Nicholson Fragrance Group,Connie Lawrence,Anthony Rodriguez
175,Elliott Cosmetics Port Andrewborough Gallery,Elliott Cosmetics Corp,Carla Gray,Zachary Hicks
176,Maldonado Scents Hutchinsonburgh Gallery,Maldonado Scents Holding,Brian Ramirez,Zachary Hicks
177,Shaffer Fragrance East Susan Outlet,Shaffer Fragrance Corp,Carla Gray,Zachary Hicks
178,Cortez Cosmetics West Jonathan Boutique,Cortez Cosmetics Holding,Carla Gray,Zachary Hicks
179,Cortez Cosmetics Christymouth Plaza,Cortez Cosmetics Holding,Carla Gray,Zachary Hicks
180,Cortez Cosmetics South Susan Gallery,Cortez Cosmetics Holding,Carla Gray,Zachary Hicks
181,Cortez Cosmetics Port Justin Market,Cortez Cosmetics Holding,Carla Gray,Zachary Hicks
182,Hernandez Scents Johnsonfurt Store,Hernandez Scents Group,Carla Gray,Zachary Hicks
183,Horton Cosmetics Kaylashire Boutique,Horton Cosmetics Holding,Allison Hill,Judy Baker
184,Gonzalez Parfum Elizabethville Plaza,Gonzalez Parfum Holding,Lisa Jackson,Stephanie Ross
185,Smith Scents North Shawn Outlet,Smith Scents Holding,Brian Ramirez,Zachary Hicks
186,Castillo Fragrance Perezborough Gallery,Castillo Fragrance Corp,Connie Lawrence,Anthony Rodriguez
187,Nguyen Cosmetics Boydmouth Shop,Nguyen Cosmetics Corp,Connie Lawrence,Anthony Rodriguez
188,Williams Cosmetics South Kimberlystad Shop,Williams Cosmetics Corp,Connie Lawrence,Anthony Rodriguez
189,Wallace Fragrance West Chelsea Boutique,Wallace Fragrance Corp,Connie Lawrence,Anthony Rodriguez
190,Callahan Scents Lake Wesleyfurt Outlet,Callahan Scents Corp,Connie Lawrence,Anthony Rodriguez
191,Hernandez Beauty Lake Nicole Shop,Hernandez Beauty Corp,Connie Lawrence,Anthony Rodriguez
192,Nicholson Fragrance West Kathleen Store,Nicholson Fragrance Group,Connie Lawrence,Anthony Rodriguez
193,Perkins Cosmetics Brianmouth Outlet,Perkins Cosmetics Holding,Connie Lawrence,Anthony Rodriguez
194,Bell Cosmetics North Stephanieport Outlet,Bell Cosmetics Corp,Connie Lawrence,Anthony Rodriguez
195,Orozco Scents New Russellfurt Store,Orozco Scents Group,Connie Lawrence,Anthony Rodriguez
196,Morris Parfum Scottfort Boutique,Morris Parfum Group,Connie Lawrence,Anthony Rodriguez
197,Figueroa Parfum North Brandi Plaza,Figueroa Parfum Group,Connie Lawrence,Anthony Rodriguez
198,Savage Fragrance South Nancy Shop,Savage Fragrance Group,Connie Lawrence,Anthony Rodriguez
199,Liu Scents Wattston Outlet,Liu Scents Holding,Lisa Jackson,Stephanie Ross
200,Moody Beauty Seanchester Gallery,Moody Beauty Group,Brian Ramirez,Zachary Hicks
201,Wang Fragrance Williamfurt Boutique,Wang Fragrance Holding,Allison Hill,Judy Baker
202,Wilson Scents New Amberbury Store,Wilson Scents Holding,Connie Lawrence,Anthony Rodriguez
203,Glover Cosmetics North Jessica Outlet,Glover Cosmetics Holding,Connie Lawrence,Anthony Rodriguez
204,Horton Cosmetics Sanderstown Boutique,Horton Cosmetics Holding,Allison Hill,Judy Baker
205,Horton Cosmetics Kathleenfort Store,Horton Cosmetics Holding,Allison Hill,Judy Baker
206,Horton Cosmetics East Juliebury Plaza,Horton Cosmetics Holding,Allison Hill,Judy Baker
207,Horton Cosmetics Thompsonburgh Boutique,Horton Cosmetics Holding,Allison Hill,Judy Baker
208,Horton Cosmetics South Deborahmouth Corner,Horton Cosmetics Holding,Allison Hill,Judy Baker
209,Horton Cosmetics North Billy Outlet,Horton Cosmetics Holding,Allison Hill,Judy Baker
210,Horton Cosmetics Port Haydenmouth Market,Horton Cosmetics Holding,Allison Hill,Judy Baker
211,Morris Scents North Ronaldside Shop,Morris Scents Holding,Lisa Jackson,Stephanie Ross
212,Hebert Fragrance North Robertbury Shop,Hebert Fragrance Holding,Connie Lawrence,Anthony Rodriguez
213,Morris Scents New Eric Boutique,Morris Scents Holding,Lisa Jackson,Stephanie Ross
214,Hobbs Scents Gloriaton Corner,Hobbs Scents Corp,Lisa Jackson,Stephanie Ross
215,Horton Cosmetics Barnesview Corner,Horton Cosmetics Holding,Allison Hill,Judy Baker
216,Hardin Beauty Chadfurt Plaza,Hardin Beauty Holding,Dylan Miller,Stephanie Ross
217,Beasley Fragrance Donnamouth Plaza,Beasley Fragrance Holding,Connie Lawrence,Anthony Rodriguez
218,Johnston Scents South Elaine Gallery,Johnston Scents Corp,Connie Lawrence,Anthony Rodriguez
219,Ochoa Cosmetics Collinsport Market,Ochoa Cosmetics Group,Lisa Hensley,Stephanie Ross
220,Hardin Beauty Parkermouth Outlet,Hardin Beauty Holding,Dylan Miller,Stephanie Ross
221,Sharp Beauty New Leah Shop,Sharp Beauty Holding,Connie Lawrence,Anthony Rodriguez
222,Little Beauty Andrewbury Outlet,Little Beauty Group,Connie Lawrence,Anthony Rodriguez
223,Erickson Fragrance Adamland Plaza,Erickson Fragrance Corp,Connie Lawrence,Anthony Rodriguez
224,White Cosmetics West Jeffreyville Corner,White Cosmetics Holding,Connie Lawrence,Anthony Rodriguez
225,Jones Beauty Wilsonberg Outlet,Jones Beauty Holding,Connie Lawrence,Anthony Rodriguez
226,Smith Cosmetics North Aimee Outlet,Smith Cosmetics Group,Connie Lawrence,Anthony Rodriguez
227,Collins Beauty Ramoschester Market,Collins Beauty Group,Lisa Hensley,Stephanie Ross
228,Lyons Fragrance West Lauren Market,Lyons Fragrance Group,Connie Lawrence,Anthony Rodriguez
229,Cortez Cosmetics Arthurton Gallery,Cortez Cosmetics Holding,Carla Gray,Zachary Hicks
230,Washington Scents Dennisfort Plaza,Washington Scents Corp,Allison Hill,Judy Baker
231,Rogers Fragrance Greenmouth Store,Rogers Fragrance Group,Lisa Jackson,Stephanie Ross
232,Hoffman Cosmetics Alexisfort Gallery,Hoffman Cosmetics Group,Connie Lawrence,Anthony Rodriguez
233,Molina Parfum Andersonborough Store,Molina Parfum Group,Jamie Arnold,Zachary Hicks
234,Rhodes Cosmetics South Donald Plaza,Rhodes Cosmetics Group,Gina Moore,Zachary Hicks
235,Eaton Fragrance South Monicaton Market,Eaton Fragrance Holding,Connie Lawrence,Anthony Rodriguez
236,Fisher Parfum West Dianeborough Shop,Fisher Parfum Group,Lisa Jackson,Stephanie Ross
237,Romero Beauty West Marieview Store,Romero Beauty Group,Connie Lawrence,Anthony Rodriguez
238,Gordon Cosmetics Morrisville Store,Gordon Cosmetics Corp,Carla Gray,Zachary Hicks
239,Tran Fragrance Steventown Market,Tran Fragrance Group,Ryan Munoz,Judy Baker
240,Harper Beauty Hartfurt Gallery,Harper Beauty Corp,Noah Rhodes,Justin Baker
241,Harper Beauty New Christopher Outlet,Harper Beauty Corp,Noah Rhodes,Justin Baker
242,Harper Beauty Kaylastad Plaza,Harper Beauty Corp,Noah Rhodes,Justin Baker
243,Harper Beauty Lake Diana Boutique,Harper Beauty Corp,Noah Rhodes,Justin Baker
244,Harper Beauty Valeriemouth Gallery,Harper Beauty Corp,Noah Rhodes,Justin Baker
245,Horton Cosmetics Thomasside Shop,Horton Cosmetics Holding,Allison Hill,Judy Baker
246,Horton Cosmetics Cynthiafort Gallery,Horton Cosmetics Holding,Allison Hill,Judy Baker
247,Washington Scents Port Amyland Gallery,Washington Scents Corp,Allison Hill,Judy Baker
248,Gray Parfum Alvarezland Shop,Gray Parfum Corp,Connie Lawrence,Anthony Rodriguez
249,Horton Cosmetics North Joseview Plaza,Horton Cosmetics Holding,Allison Hill,Judy Baker
250,Vega Parfum Michaelmouth Store,Vega Parfum Holding,Connie Lawrence,Anthony Rodriguez
251,Cortez Cosmetics East Sandra Market,Cortez Cosmetics Holding,Carla Gray,Zachary Hicks
252,Bruce Scents Whitefort Boutique,Bruce Scents Holding,Connie Lawrence,Anthony Rodriguez
253,Tran Fragrance Caitlinfort Market,Tran Fragrance Group,Ryan Munoz,Judy Baker
254,Harrington Fragrance North Dawnview Corner,Harrington Fragrance Corp,Margaret Hawkins Dds,Stephanie Ross
255,Allen Fragrance West Lindseymouth Gallery,Allen Fragrance Corp,Monica Herrera,Stephanie Ross
256,Tran Fragrance Reedfurt Outlet,Tran Fragrance Group,Ryan Munoz,Judy Baker
257,Miller Beauty Michaelbury Market,Miller Beauty Holding,Connie Lawrence,Anthony Rodriguez
258,Rosario Beauty West Martin Outlet,Rosario Beauty Holding,Connie Lawrence,Anthony Rodriguez
259,Horton Cosmetics Port Andrea Gallery,Horton Cosmetics Holding,Allison Hill,Judy Baker
260,Horton Cosmetics Markhaven Market,Horton Cosmetics Holding,Allison Hill,Judy Baker
261,Roberts Cosmetics Port Kevin Plaza,Roberts Cosmetics Corp,Connie Lawrence,Anthony Rodriguez
262,Washington Scents South Rachel Gallery,Washington Scents Corp,Allison Hill,Judy Baker
263,Smith Scents Wattsland Shop,Smith Scents Corp,Monica Herrera,Stephanie Ross
264,King Cosmetics Jennifershire Market,King Cosmetics Holding,Brian Ramirez,Zachary Hicks
265,King Cosmetics Markmouth Outlet,King Cosmetics Holding,Brian Ramirez,Zachary Hicks
266,King Cosmetics Marktown Market,King Cosmetics Holding,Brian Ramirez,Zachary Hicks
267,King Cosmetics West Lauren Shop,King Cosmetics Holding,Brian Ramirez,Zachary Hicks
268,Horton Cosmetics Keithberg Store,Horton Cosmetics Holding,Allison Hill,Judy Baker
269,Garner Fragrance East Kathleenland Outlet,Garner Fragrance Holding,Carla Gray,Zachary Hicks
270,Cole Cosmetics Lake Johntown Market,Cole Cosmetics Group,Connie Lawrence,Anthony Rodriguez
271,Williams Cosmetics Shannonburgh Plaza,Williams Cosmetics Group,Carla Gray,Zachary Hicks
272,King Cosmetics North Brianna Outlet,King Cosmetics Holding,Brian Ramirez,Zachary Hicks
273,Robinson Beauty Karinamouth Shop,Robinson Beauty Group,Connie Lawrence,Anthony Rodriguez
274,Morris Parfum Tonystad Boutique,Morris Parfum Group,Gina Moore,Zachary Hicks
275,Powell Cosmetics Smithport Gallery,Powell Cosmetics Corp,Dylan Miller,Stephanie Ross
276,Haas Scents Port Tina Corner,Haas Scents Corp,Brian Ramirez,Zachary Hicks
277,Kirk Fragrance New Brianna Gallery,Kirk Fragrance Holding,Connie Lawrence,Anthony Rodriguez
278,Smith Scents Roblesfurt Boutique,Smith Scents Corp,Lisa Jackson,Stephanie Ross
279,Nicholson Fragrance Patrickhaven Gallery,Nicholson Fragrance Group,Connie Lawrence,Anthony Rodriguez
280,Nicholson Fragrance New Susan Gallery,Nicholson Fragrance Group,Connie Lawrence,Anthony Rodriguez
281,Johnston Parfum Marisahaven Plaza,Johnston Parfum Corp,Connie Lawrence,Anthony Rodriguez
282,Tran Fragrance Carolynberg Store,Tran Fragrance Group,Ryan Munoz,Judy Baker
283,Trujillo Beauty New Kimberly Boutique,Trujillo Beauty Group,Connie Lawrence,Anthony Rodriguez
284,Horton Cosmetics Justinfort Boutique,Horton Cosmetics Holding,Allison Hill,Judy Baker
285,Brown Fragrance Morenoview Outlet,Brown Fragrance Group,Lisa Jackson,Stephanie Ross
286,Horton Cosmetics Frenchshire Gallery,Horton Cosmetics Holding,Allison Hill,Judy Baker
287,Harper Beauty Bennettberg Gallery,Harper Beauty Corp,Noah Rhodes,Justin Baker
288,Horton Cosmetics Alanhaven Outlet,Horton Cosmetics Holding,Allison Hill,Judy Baker
289,Horton Cosmetics North Kim Shop,Horton Cosmetics Holding,Allison Hill,Judy Baker
290,Horton Cosmetics Port Valeriefurt Market,Horton Cosmetics Holding,Allison Hill,Judy Baker
291,Horton Cosmetics Port Nicole Store,Horton Cosmetics Holding,Allison Hill,Judy Baker
292,Horton Cosmetics Dustinburgh Shop,Horton Cosmetics Holding,Allison Hill,Judy Baker
293,Horton Cosmetics Lake Amandatown Store,Horton Cosmetics Holding,Allison Hill,Judy Baker
294,Grant Beauty Lewisbury Corner,Grant Beauty Holding,Carla Gray,Zachary Hicks
295,Horton Cosmetics Leahbury Plaza,Horton Cosmetics Holding,Allison Hill,Judy Baker
296,Horton Cosmetics Ginaview Corner,Horton Cosmetics Holding,Allison Hill,Judy Baker
297,Nicholson Fragrance South Kristina Store,Nicholson Fragrance Group,Connie Lawrence,Anthony Rodriguez
298,Eaton Fragrance Isaacberg Market,Eaton Fragrance Holding,Carla Gray,Zachary Hicks
299,Eaton Fragrance Jasonstad Outlet,Eaton Fragrance Holding,Carla Gray,Zachary Hicks
300,Nicholson Fragrance Lake James Shop,Nicholson Fragrance Group,Connie Lawrence,Anthony Rodriguez
301,Nicholson Fragrance North Brittany Boutique,Nicholson Fragrance Group,Connie Lawrence,Anthony Rodriguez
302,Kemp Fragrance Loriview Gallery,Kemp Fragrance Group,Ryan Munoz,Judy Baker
303,Horton Cosmetics South Zacharystad Plaza,Horton Cosmetics Holding,Allison Hill,Judy Baker
304,Horton Cosmetics Ericksonstad Gallery,Horton Cosmetics Holding,Allison Hill,Judy Baker
305,Brown Fragrance Scotttown Gallery,Brown Fragrance Group,Lisa Jackson,Stephanie Ross
306,Washington Scents Lake Travis Outlet,Washington Scents Corp,Allison Hill,Judy Baker
307,Morris Parfum Amandaland Plaza,Morris Parfum Group,Gina Moore,Zachary Hicks
308,Morris Parfum South Barbara Corner,Morris Parfum Group,Gina Moore,Zachary Hicks
309,Kelley Cosmetics Wesleytown Boutique,Kelley Cosmetics Group,Carla Gray,Zachary Hicks
310,Brown Fragrance Jamesmouth Plaza,Brown Fragrance Group,Lisa Jackson,Stephanie Ross
311,Navarro Parfum Port Christopher Market,Navarro Parfum Holding,Connie Lawrence,Anthony Rodriguez
312,Washington Scents North Marymouth Outlet,Washington Scents Corp,Allison Hill,Judy Baker
313,Washington Scents Cynthiaberg Outlet,Washington Scents Corp,Allison Hill,Judy Baker
314,Washington Scents Darrenport Corner,Washington Scents Corp,Allison Hill,Judy Baker
315,Washington Scents West Scotttown Store,Washington Scents Corp,Allison Hill,Judy Baker
316,Washington Scents Zacharyside Corner,Washington Scents Corp,Allison Hill,Judy Baker
317,Washington Scents North Ericachester Corner,Washington Scents Corp,Allison Hill,Judy Baker
318,Washington Scents West Jeffrey Market,Washington Scents Corp,Allison Hill,Judy Baker
319,Washington Scents New Hunterchester Outlet,Washington Scents Corp,Allison Hill,Judy Baker
320,Washington Scents Moorebury Corner,Washington Scents Corp,Allison Hill,Judy Baker
321,Washington Scents North Amanda Market,Washington Scents Corp,Allison Hill,Judy Baker
322,Washington Scents East Sallyville Outlet,Washington Scents Corp,Allison Hill,Judy Baker
323,Washington Scents Rebeccaport Plaza,Washington Scents Corp,Allison Hill,Judy Baker
324,Washington Scents Ayalamouth Store,Washington Scents Corp,Allison Hill,Judy Baker
325,Washington Scents Palmerberg Boutique,Washington Scents Corp,Allison Hill,Judy Baker
326,Washington Scents Lopezbury Boutique,Washington Scents Corp,Allison Hill,Judy Baker
327,Smith Scents Port Zachary Shop,Smith Scents Corp,Lisa Jackson,Stephanie Ross
328,Horton Cosmetics West Kaylaview Outlet,Horton Cosmetics Holding,Allison Hill,Judy Baker
329,Horton Cosmetics East Amyfurt Plaza,Horton Cosmetics Holding,Allison Hill,Judy Baker
330,Washington Scents Josephport Store,Washington Scents Corp,Allison Hill,Judy Baker
331,Washington Scents New Robertbury Outlet,Washington Scents Corp,Allison Hill,Judy Baker
332,Nicholson Fragrance Hannahfort Market,Nicholson Fragrance Group,Connie Lawrence,Anthony Rodriguez
333,Jordan Beauty Donaldmouth Plaza,Jordan Beauty Holding,Gina Moore,Zachary Hicks
334,Smith Scents South Lisafort Boutique,Smith Scents Corp,Margaret Hawkins Dds,Stephanie Ross
335,Taylor Scents Gordonburgh Boutique,Taylor Scents Corp,Dylan Miller,Stephanie Ross
336,Boyd Beauty New Laura Market,Boyd Beauty Holding,Cristian Santos,Zachary Hicks
337,Wilson Beauty Michaelshire Shop,Wilson Beauty Group,Gina Moore,Zachary Hicks
338,Nicholson Fragrance East Holly Outlet,Nicholson Fragrance Group,Connie Lawrence,Anthony Rodriguez
339,Smith Scents West Steven Outlet,Smith Scents Corp,Lisa Jackson,Stephanie Ross
340,Collins Fragrance Merrittborough Outlet,Collins Fragrance Holding,Brian Ramirez,Zachary Hicks
341,Smith Scents West Michaelland Corner,Smith Scents Corp,Lisa Jackson,Stephanie Ross
342,Nicholson Fragrance East Meghan Boutique,Nicholson Fragrance Group,Connie Lawrence,Anthony Rodriguez
343,Clark Parfum Robertstad Store,Clark Parfum Holding,Connie Lawrence,Anthony Rodriguez
344,Smith Scents Andersonborough Gallery,Smith Scents Corp,Gina Moore,Zachary Hicks
345,Leach Scents Tiffanyport Store,Leach Scents Group,Lisa Hensley,Stephanie Ross
346,Burgess Scents Kennethfort Plaza,Burgess Scents Holding,Connie Lawrence,Anthony Rodriguez
347,Tran Fragrance Douglasview Boutique,Tran Fragrance Group,Ryan Munoz,Judy Baker
348,Smith Scents Cherryville Gallery,Smith Scents Corp,Lisa Jackson,Stephanie Ross
349,Sharp Parfum Martineztown Market,Sharp Parfum Holding,Monica Herrera,Stephanie Ross
350,Smith Scents Lake Katrinaburgh Outlet,Smith Scents Corp,Gina Moore,Zachary Hicks
351,Sharp Parfum Floresborough Boutique,Sharp Parfum Holding,Monica Herrera,Stephanie Ross
352,Tran Fragrance Selenaland Corner,Tran Fragrance Group,Ryan Munoz,Judy Baker
353,Horton Cosmetics New Maryton Outlet,Horton Cosmetics Holding,Allison Hill,Judy Baker
354,Nicholson Fragrance Cunninghamshire Boutique,Nicholson Fragrance Group,Connie Lawrence,Anthony Rodriguez
355,Nicholson Fragrance East Kevinshire Boutique,Nicholson Fragrance Group,Connie Lawrence,Anthony Rodriguez
356,Thompson Fragrance North Allisonside Gallery,Thompson Fragrance Group,Lisa Jackson,Stephanie Ross
357,Le Parfum North Williamland Outlet,Le Parfum Holding,Connie Lawrence,Anthony Rodriguez
358,Eaton Fragrance Taraview Store,Eaton Fragrance Holding,Carla Gray,Zachary Hicks
359,Henson Cosmetics Josephville Market,Henson Cosmetics Corp,Brian Ramirez,Zachary Hicks
360,Choi Parfum South Max Gallery,Choi Parfum Group,Connie Lawrence,Anthony Rodriguez
361,Robinson Parfum Bradleymouth Shop,Robinson Parfum Holding,Lisa Hensley,Stephanie Ross
362,Robinson Parfum Port Samanthaport Store,Robinson Parfum Holding,Allison Hill,Judy Baker
363,Smith Scents North Valeriefurt Market,Smith Scents Corp,Jamie Arnold,Zachary Hicks
364,Tran Fragrance Hesshaven Outlet,Tran Fragrance Group,Ryan Munoz,Judy Baker
365,Brown Fragrance Antonioton Plaza,Brown Fragrance Holding,Lisa Jackson,Stephanie Ross
366,Johnson Parfum New Kimmouth Corner,Johnson Parfum Holding,Monica Herrera,Stephanie Ross
367,Vaughn Cosmetics Horneborough Boutique,Vaughn Cosmetics Corp,Connie Lawrence,Anthony Rodriguez
368,Johnson Parfum Johnsonchester Boutique,Johnson Parfum Holding,Monica Herrera,Stephanie Ross
369,Johnson Parfum Peterchester Outlet,Johnson Parfum Holding,Monica Herrera,Stephanie Ross
370,Washington Scents West Renee Gallery,Washington Scents Corp,Allison Hill,Judy Baker
371,Smith Scents Hubbardfort Store,Smith Scents Corp,Gina Moore,Zachary Hicks
372,King Cosmetics Tanyastad Plaza,King Cosmetics Holding,Brian Ramirez,Zachary Hicks
373,King Cosmetics Coreytown Corner,King Cosmetics Holding,Brian Ramirez,Zachary Hicks
374,King Cosmetics Hayestown Corner,King Cosmetics Holding,Brian Ramirez,Zachary Hicks
375,King Cosmetics West Amanda Market,King Cosmetics Holding,Brian Ramirez,Zachary Hicks
376,Lane Scents Kaitlinhaven Shop,Lane Scents Holding,Lisa Hensley,Stephanie Ross
377,Lane Scents Stephanieland Store,Lane Scents Holding,Lisa Hensley,Stephanie Ross
378,Smith Scents Maloneport Boutique,Smith Scents Corp,Lisa Jackson,Stephanie Ross
379,Lane Scents South Carol Store,Lane Scents Holding,Lisa Hensley,Stephanie Ross
380,Lane Scents New Maryton Gallery,Lane Scents Holding,Lisa Hensley,Stephanie Ross
381,Ochoa Cosmetics Larsonchester Outlet,Ochoa Cosmetics Group,Lisa Hensley,Stephanie Ross
382,Morris Parfum West Jenna Shop,Morris Parfum Group,Gina Moore,Zachary Hicks
383,Smith Scents North Robert Shop,Smith Scents Corp,Lisa Jackson,Stephanie Ross
384,Ford Cosmetics Lake Brendan Outlet,Ford Cosmetics Group,Connie Lawrence,Anthony Rodriguez
385,Mays Fragrance Haydenfort Store,Mays Fragrance Corp,Connie Lawrence,Anthony Rodriguez
386,Cantu Fragrance Paulstad Shop,Cantu Fragrance Holding,Connie Lawrence,Anthony Rodriguez
387,Chapman Scents Jordanmouth Outlet,Chapman Scents Holding,Gina Moore,Zachary Hicks
388,Tran Fragrance Port Ashleyburgh Outlet,Tran Fragrance Group,Ryan Munoz,Judy Baker
389,Young Parfum New Charleston Outlet,Young Parfum Group,Lisa Jackson,Stephanie Ross
390,Mitchell Beauty South Chelseashire Shop,Mitchell Beauty Holding,Cristian Santos,Zachary Hicks
391,Mitchell Beauty New Jasonhaven Gallery,Mitchell Beauty Holding,Cristian Santos,Zachary Hicks
392,Cannon Scents Russellmouth Market,Cannon Scents Group,Gina Moore,Zachary Hicks
393,Cannon Scents West Joelberg Store,Cannon Scents Group,Gina Moore,Zachary Hicks
394,Cannon Scents Stephaniehaven Market,Cannon Scents Group,Gina Moore,Zachary Hicks
395,Cannon Scents West Leslieberg Outlet,Cannon Scents Group,Gina Moore,Zachary Hicks
396,Hardin Beauty North Heidi Shop,Hardin Beauty Holding,Dylan Miller,Stephanie Ross
397,Cannon Scents Jenningsfurt Store,Cannon Scents Group,Gina Moore,Zachary Hicks
398,Cannon Scents Jeffreyton Boutique,Cannon Scents Group,Gina Moore,Zachary Hicks
399,Cannon Scents North Kristenstad Outlet,Cannon Scents Group,Gina Moore,Zachary Hicks
400,Cannon Scents Leonardport Corner,Cannon Scents Group,Gina Moore,Zachary Hicks
401,Cannon Scents Washingtonchester Gallery,Cannon Scents Group,Gina Moore,Zachary Hicks
402,Cooper Parfum Dennisshire Plaza,Cooper Parfum Corp,Carla Gray,Zachary Hicks
403,Tran Fragrance Ericport Shop,Tran Fragrance Group,Ryan Munoz,Judy Baker
404,Nicholson Fragrance Sheltonfort Boutique,Nicholson Fragrance Group,Connie Lawrence,Anthony Rodriguez
405,Jacobson Cosmetics Holtland Shop,Jacobson Cosmetics Group,Lisa Jackson,Stephanie Ross
406,Jacobson Cosmetics Kellymouth Market,Jacobson Cosmetics Group,Lisa Jackson,Stephanie Ross
407,Sharp Parfum Port Jonathanborough Plaza,Sharp Parfum Holding,Monica Herrera,Stephanie Ross
408,Smith Scents Stacieview Store,Smith Scents Corp,Lisa Jackson,Stephanie Ross
409,Nicholson Fragrance Lake Brandy Shop,Nicholson Fragrance Group,Connie Lawrence,Anthony Rodriguez
410,Horton Cosmetics Smithtown Corner,Horton Cosmetics Holding,Allison Hill,Judy Baker
411,Horton Cosmetics New Michaelland Store,Horton Cosmetics Holding,Allison Hill,Judy Baker
412,Horton Cosmetics Figueroamouth Shop,Horton Cosmetics Holding,Allison Hill,Judy Baker
413,Horton Cosmetics Destinymouth Plaza,Horton Cosmetics Holding,Allison Hill,Judy Baker
414,Boyd Parfum Wilsonbury Boutique,Boyd Parfum Holding,Connie Lawrence,Anthony Rodriguez
415,Boyd Parfum Port Carolhaven Boutique,Boyd Parfum Holding,Connie Lawrence,Anthony Rodriguez
416,Boyd Parfum Hicksberg Shop,Boyd Parfum Holding,Connie Lawrence,Anthony Rodriguez
417,Reed Cosmetics South Johnchester Outlet,Reed Cosmetics Corp,Lisa Hensley,Stephanie Ross
418,Reed Cosmetics Johnfurt Boutique,Reed Cosmetics Corp,Lisa Hensley,Stephanie Ross
419,Reed Cosmetics New Claire Shop,Reed Cosmetics Corp,Lisa Hensley,Stephanie Ross
420,Horton Cosmetics Port Dustinton Plaza,Horton Cosmetics Holding,Allison Hill,Judy Baker
421,Horton Cosmetics West Courtneyburgh Boutique,Horton Cosmetics Holding,Allison Hill,Judy Baker
422,Horton Cosmetics Smithchester Plaza,Horton Cosmetics Holding,Allison Hill,Judy Baker
423,Washington Scents Thomasfurt Outlet,Washington Scents Corp,Allison Hill,Judy Baker
424,Taylor Parfum Erikaberg Shop,Taylor Parfum Group,Jamie Arnold,Zachary Hicks
425,Jordan Beauty West Geoffrey Gallery,Jordan Beauty Holding,Connie Lawrence,Anthony Rodriguez
426,Horton Cosmetics Port Ryanberg Corner,Horton Cosmetics Holding,Allison Hill,Judy Baker
427,Weiss Parfum West Sara Market,Weiss Parfum Corp,Jamie Arnold,Zachary Hicks
428,Carlson Fragrance Lake Brenda Shop,Carlson Fragrance Holding,Carla Gray,Zachary Hicks
429,Young Cosmetics Tracyberg Outlet,Young Cosmetics Corp,Carla Gray,Zachary Hicks
430,Steele Fragrance Lake Michele Market,Steele Fragrance Holding,Connie Lawrence,Anthony Rodriguez
431,Horton Cosmetics Michelleville Plaza,Horton Cosmetics Holding,Allison Hill,Judy Baker
432,Smith Scents Hollowaybury Shop,Smith Scents Corp,Brian Ramirez,Zachary Hicks
433,Tran Fragrance South Janetmouth Market,Tran Fragrance Group,Ryan Munoz,Judy Baker
434,King Cosmetics Christianborough Gallery,King Cosmetics Holding,Brian Ramirez,Zachary Hicks
435,Wang Fragrance South Jennifer Corner,Wang Fragrance Holding,Allison Hill,Judy Baker
436,Gonzalez Parfum South Emilyshire Gallery,Gonzalez Parfum Holding,Lisa Jackson,Stephanie Ross
437,Cannon Scents Wardhaven Outlet,Cannon Scents Group,Gina Moore,Zachary Hicks
438,Tran Fragrance Kimberlytown Store,Tran Fragrance Group,Ryan Munoz,Judy Baker
439,Tran Fragrance South Heather Outlet,Tran Fragrance Group,Ryan Munoz,Judy Baker
440,Tran Fragrance West Stephaniechester Plaza,Tran Fragrance Group,Ryan Munoz,Judy Baker
441,Tran Fragrance West Elizabeth Gallery,Tran Fragrance Group,Ryan Munoz,Judy Baker
442,Taylor Cosmetics Lake Robertoberg Plaza,Taylor Cosmetics Corp,Lisa Jackson,Stephanie Ross
443,Bennett Fragrance Mendozatown Market,Bennett Fragrance Holding,Margaret Hawkins Dds,Stephanie Ross
444,Cortez Cosmetics East Jeffreyville Boutique,Cortez Cosmetics Holding,Carla Gray,Zachary Hicks
445,Guzman Scents West Cherylstad Boutique,Guzman Scents Holding,Carla Gray,Zachary Hicks
446,Smith Scents Davidview Shop,Smith Scents Corp,Lisa Jackson,Stephanie Ross
447,Washington Scents Arnoldfurt Store,Washington Scents Corp,Allison Hill,Judy Baker
448,Horton Cosmetics South Luis Outlet,Horton Cosmetics Holding,Allison Hill,Judy Baker
449,Horton Cosmetics West Kevinmouth Boutique,Horton Cosmetics Holding,Allison Hill,Judy Baker
450,Horton Cosmetics East Regina Market,Horton Cosmetics Holding,Allison Hill,Judy Baker
451,Horton Cosmetics Yatesshire Plaza,Horton Cosmetics Holding,Allison Hill,Judy Baker
452,Horton Cosmetics South Christine Shop,Horton Cosmetics Holding,Allison Hill,Judy Baker
453,Horton Cosmetics North Gregory Store,Horton Cosmetics Holding,Allison Hill,Judy Baker
454,Horton Cosmetics New Katherinetown Shop,Horton Cosmetics Holding,Allison Hill,Judy Baker
455,Gregory Fragrance Cherylmouth Outlet,Gregory Fragrance Holding,Lisa Jackson,Stephanie Ross
456,Jacobson Cosmetics Shawnmouth Shop,Jacobson Cosmetics Group,Lisa Jackson,Stephanie Ross
457,Smith Scents Jonathanton Outlet,Smith Scents Corp,Brian Ramirez,Zachary Hicks
458,Hernandez Fragrance Palmerview Store,Hernandez Fragrance Group,Monica Herrera,Stephanie Ross
459,Hernandez Fragrance North Jonathantown Boutique,Hernandez Fragrance Group,Monica Herrera,Stephanie Ross
460,Hernandez Fragrance Jamesport Outlet,Hernandez Fragrance Group,Monica Herrera,Stephanie Ross
461,Hernandez Fragrance Hardystad Boutique,Hernandez Fragrance Group,Monica Herrera,Stephanie Ross
462,Hernandez Fragrance South Ryan Corner,Hernandez Fragrance Group,Monica Herrera,Stephanie Ross
463,Contreras Beauty Michaelbury Boutique,Contreras Beauty Group,Lisa Hensley,Stephanie Ross
464,Contreras Beauty North Valerie Gallery,Contreras Beauty Group,Lisa Hensley,Stephanie Ross
465,Horton Cosmetics Halltown Gallery,Horton Cosmetics Holding,Allison Hill,Judy Baker
466,Horton Cosmetics Dodsonchester Corner,Horton Cosmetics Holding,Allison Hill,Judy Baker
467,Nicholson Fragrance Jacquelinetown Shop,Nicholson Fragrance Group,Connie Lawrence,Anthony Rodriguez
468,Nicholson Fragrance East Amymouth Shop,Nicholson Fragrance Group,Connie Lawrence,Anthony Rodriguez
469,Nicholson Fragrance East Carloshaven Store,Nicholson Fragrance Group,Connie Lawrence,Anthony Rodriguez
470,Nicholson Fragrance Abigailchester Plaza,Nicholson Fragrance Group,Connie Lawrence,Anthony Rodriguez
471,Tran Fragrance West Amandaport Market,Tran Fragrance Group,Ryan Munoz,Judy Baker
472,Murphy Scents Port Zachary Outlet,Murphy Scents Group,Lisa Jackson,Stephanie Ross
473,Yu Scents Port Jennifer Shop,Yu Scents Group,Lisa Jackson,Stephanie Ross
474,Hall Scents Kimbury Outlet,Hall Scents Corp,Brian Ramirez,Zachary Hicks
475,Horton Cosmetics New Gregoryburgh Boutique,Horton Cosmetics Holding,Allison Hill,Judy Baker
476,Tran Fragrance North Jennifer Shop,Tran Fragrance Group,Ryan Munoz,Judy Baker
477,Collins Cosmetics Callahanstad Market,Collins Cosmetics Group,Lisa Jackson,Stephanie Ross
478,Carpenter Parfum Kathrynfurt Boutique,Carpenter Parfum Holding,Margaret Hawkins Dds,Stephanie Ross
479,Johnson Parfum Christinaside Plaza,Johnson Parfum Holding,Monica Herrera,Stephanie Ross
480,Washington Scents Lake Kimberlyshire Boutique,Washington Scents Corp,Allison Hill,Judy Baker
481,Jones Cosmetics South Anna Corner,Jones Cosmetics Group,Carla Gray,Zachary Hicks
482,Simmons Cosmetics Lisaland Market,Simmons Cosmetics Corp,Allison Hill,Judy Baker
483,Robinson Cosmetics Alexanderfurt Shop,Robinson Cosmetics Holding,Connie Lawrence,Anthony Rodriguez
484,Tran Fragrance Lake Philip Gallery,Tran Fragrance Group,Ryan Munoz,Judy Baker
485,Gregory Fragrance Lake Olivia Corner,Gregory Fragrance Holding,Lisa Jackson,Stephanie Ross
486,Gomez Fragrance East Sara Store,Gomez Fragrance Holding,Brian Ramirez,Zachary Hicks
487,Horton Cosmetics North Davidville Store,Horton Cosmetics Holding,Allison Hill,Judy Baker
488,Horton Cosmetics West Nicoleburgh Store,Horton Cosmetics Holding,Allison Hill,Judy Baker
489,Willis Cosmetics East Hector Store,Willis Cosmetics Holding,Dylan Miller,Stephanie Ross
490,Frye Fragrance Port Heatherbury Store,Frye Fragrance Group,Gina Moore,Zachary Hicks
491,Davis Scents East Candiceburgh Store,Davis Scents Corp,Margaret Hawkins Dds,Stephanie Ross
492,Harper Beauty Lake Jonathan Boutique,Harper Beauty Corp,Noah Rhodes,Justin Baker
493,Harper Beauty Katherineton Corner,Harper Beauty Corp,Noah Rhodes,Justin Baker
494,Harper Beauty Lake Jamesmouth Shop,Harper Beauty Corp,Noah Rhodes,Justin Baker
495,Harper Beauty Port Johnhaven Boutique,Harper Beauty Corp,Noah Rhodes,Justin Baker
496,Harper Beauty East Melissaville Boutique,Harper Beauty Corp,Noah Rhodes,Justin Baker
497,Smith Scents Boothton Outlet,Smith Scents Corp,Jamie Arnold,Zachary Hicks
498,Harper Beauty Loganchester Market,Harper Beauty Corp,Noah Rhodes,Justin Baker
499,Harper Beauty Jasonberg Boutique,Harper Beauty Corp,Noah Rhodes,Justin Baker
500,Harper Beauty South Vanessaville Market,Harper Beauty Corp,Noah Rhodes,Justin Baker
501,Nicholson Fragrance South Gregory Corner,Nicholson Fragrance Group,Connie Lawrence,Anthony Rodriguez
502,Powell Cosmetics Garrettborough Store,Powell Cosmetics Corp,Dylan Miller,Stephanie Ross
503,Simmons Cosmetics Meyerfurt Store,Simmons Cosmetics Corp,Allison Hill,Judy Baker
504,Smith Scents North Jamieton Shop,Smith Scents Corp,Lisa Jackson,Stephanie Ross
505,Nicholson Fragrance Richardshire Corner,Nicholson Fragrance Group,Connie Lawrence,Anthony Rodriguez
506,Nicholson Fragrance Frankburgh Corner,Nicholson Fragrance Group,Connie Lawrence,Anthony Rodriguez
507,Smith Scents Harrisontown Plaza,Smith Scents Corp,Brian Ramirez,Zachary Hicks
508,Rodriguez Scents West Kimberlychester Boutique,Rodriguez Scents Corp,Connie Lawrence,Anthony Rodriguez
509,Horton Cosmetics East Joyberg Gallery,Horton Cosmetics Holding,Allison Hill,Judy Baker
510,Horton Cosmetics Calderonburgh Gallery,Horton Cosmetics Holding,Allison Hill,Judy Baker
511,Tran Fragrance Lake Laurenshire Gallery,Tran Fragrance Group,Ryan Munoz,Judy Baker
512,Tran Fragrance Burkemouth Shop,Tran Fragrance Group,Ryan Munoz,Judy Baker
513,Tran Fragrance New Lindsay Boutique,Tran Fragrance Group,Ryan Munoz,Judy Baker
514,Morris Parfum Kingburgh Shop,Morris Parfum Group,Gina Moore,Zachary Hicks
515,Horton Cosmetics Hubbardchester Market,Horton Cosmetics Holding,Allison Hill,Judy Baker
516,Nicholson Fragrance Greenmouth Gallery,Nicholson Fragrance Group,Connie Lawrence,Anthony Rodriguez
517,Warner Parfum Matthewhaven Market,Warner Parfum Group,Connie Lawrence,Anthony Rodriguez
518,Horton Cosmetics Brownville Boutique,Horton Cosmetics Holding,Allison Hill,Judy Baker
519,Landry Cosmetics Christopherstad Shop,Landry Cosmetics Group,Connie Lawrence,Anthony Rodriguez
520,Boyd Parfum Wileyhaven Shop,Boyd Parfum Holding,Connie Lawrence,Anthony Rodriguez
521,Nicholson Fragrance Gravesstad Gallery,Nicholson Fragrance Group,Connie Lawrence,Anthony Rodriguez
522,Tran Fragrance Hernandezview Store,Tran Fragrance Group,Ryan Munoz,Judy Baker
523,Tran Fragrance New Raymond Corner,Tran Fragrance Group,Ryan Munoz,Judy Baker
524,Tran Fragrance Debbieview Plaza,Tran Fragrance Group,Ryan Munoz,Judy Baker
525,Tran Fragrance South Josephburgh Market,Tran Fragrance Group,Ryan Munoz,Judy Baker
526,Tran Fragrance Daviesfort Store,Tran Fragrance Group,Ryan Munoz,Judy Baker
527,Tran Fragrance New Carl Plaza,Tran Fragrance Group,Ryan Munoz,Judy Baker
528,Tran Fragrance Mcdonaldchester Market,Tran Fragrance Group,Ryan Munoz,Judy Baker
529,Tran Fragrance West Amyburgh Store,Tran Fragrance Group,Ryan Munoz,Judy Baker
530,Brown Cosmetics North Susanfurt Store,Brown Cosmetics Group,Monica Herrera,Stephanie Ross
531,Johnson Fragrance Cruzborough Store,Johnson Fragrance Holding,Brian Ramirez,Zachary Hicks
532,Harper Beauty Lake Johnny Store,Harper Beauty Corp,Noah Rhodes,Justin Baker
533,Horton Cosmetics Marshallburgh Gallery,Horton Cosmetics Holding,Allison Hill,Judy Baker
534,Nicholson Fragrance Medinaview Outlet,Nicholson Fragrance Group,Connie Lawrence,Anthony Rodriguez
535,Cole Scents Jennifermouth Plaza,Cole Scents Group,Connie Lawrence,Anthony Rodriguez
536,Smith Scents Briannaton Corner,Smith Scents Corp,Brian Ramirez,Zachary Hicks
537,Washington Scents New Devin Corner,Washington Scents Corp,Allison Hill,Judy Baker
538,Burgess Scents Cherylside Boutique,Burgess Scents Holding,Connie Lawrence,Anthony Rodriguez
539,Washington Scents Adamhaven Corner,Washington Scents Corp,Allison Hill,Judy Baker
540,Washington Scents East Teresa Gallery,Washington Scents Corp,Allison Hill,Judy Baker
541,Jordan Beauty Perezborough Shop,Jordan Beauty Holding,Gina Moore,Zachary Hicks
542,Washington Scents Hillton Plaza,Washington Scents Corp,Allison Hill,Judy Baker
543,Olson Scents New Nathanmouth Plaza,Olson Scents Group,Brian Ramirez,Zachary Hicks
544,Smith Scents Christopherside Boutique,Smith Scents Corp,Lisa Jackson,Stephanie Ross
545,Warner Beauty South Erictown Outlet,Warner Beauty Group,Brian Ramirez,Zachary Hicks
546,Boyd Parfum Port Danielle Plaza,Boyd Parfum Holding,Connie Lawrence,Anthony Rodriguez
547,Smith Scents Leslieton Shop,Smith Scents Holding,Carla Gray,Zachary Hicks
548,Tran Fragrance Jamesland Gallery,Tran Fragrance Group,Ryan Munoz,Judy Baker
549,Jacobson Cosmetics New James Outlet,Jacobson Cosmetics Group,Lisa Jackson,Stephanie Ross
550,Horton Cosmetics Kevinchester Corner,Horton Cosmetics Holding,Allison Hill,Judy Baker
551,Horton Cosmetics Port Richardland Corner,Horton Cosmetics Holding,Allison Hill,Judy Baker
552,Tran Fragrance Jakeshire Store,Tran Fragrance Group,Ryan Munoz,Judy Baker
553,Washington Scents Lake Davidmouth Corner,Washington Scents Corp,Allison Hill,Judy Baker
554,Nicholson Fragrance Thomasland Gallery,Nicholson Fragrance Group,Connie Lawrence,Anthony Rodriguez
555,Eaton Fragrance Rickytown Shop,Eaton Fragrance Holding,Cristian Santos,Zachary Hicks
556,Nicholson Fragrance Judithbury Plaza,Nicholson Fragrance Group,Connie Lawrence,Anthony Rodriguez
557,Green Cosmetics South Melvin Store,Green Cosmetics Holding,Carla Gray,Zachary Hicks
558,Green Cosmetics Kevinland Store,Green Cosmetics Holding,Carla Gray,Zachary Hicks
559,Horton Cosmetics South Laura Market,Horton Cosmetics Holding,Allison Hill,Judy Baker
560,Cole Scents Wheelertown Store,Cole Scents Group,Connie Lawrence,Anthony Rodriguez
561,Carroll Cosmetics Port Catherine Plaza,Carroll Cosmetics Corp,Lisa Jackson,Stephanie Ross
562,Tran Fragrance New Alejandroton Outlet,Tran Fragrance Group,Ryan Munoz,Judy Baker
563,Kemp Fragrance Port Stacy Outlet,Kemp Fragrance Group,Ryan Munoz,Judy Baker
564,Horton Cosmetics North Nicole Plaza,Horton Cosmetics Holding,Allison Hill,Judy Baker
565,Rodriguez Parfum Gomezland Market,Rodriguez Parfum Corp,Margaret Hawkins Dds,Stephanie Ross
566,Gomez Fragrance Amandaview Corner,Gomez Fragrance Holding,Brian Ramirez,Zachary Hicks
567,Carr Parfum Reyesfurt Store,Carr Parfum Corp,Margaret Hawkins Dds,Stephanie Ross
568,Smith Scents Kimberlytown Shop,Smith Scents Corp,Jamie Arnold,Zachary Hicks
569,Rodriguez Scents Port Garyhaven Shop,Rodriguez Scents Corp,Brian Ramirez,Zachary Hicks
570,Price Parfum Jamiechester Boutique,Price Parfum Holding,Jamie Arnold,Zachary Hicks
571,Romero Cosmetics South Davidchester Store,Romero Cosmetics Corp,Carla Gray,Zachary Hicks
572,Snow Cosmetics Port Ann Gallery,Snow Cosmetics Corp,Connie Lawrence,Anthony Rodriguez
573,Henderson Fragrance New Jamesshire Store,Henderson Fragrance Group,Connie Lawrence,Anthony Rodriguez
574,Cannon Scents Ramirezchester Boutique,Cannon Scents Group,Gina Moore,Zachary Hicks
575,Stewart Beauty East Heathertown Plaza,Stewart Beauty Group,Noah Rhodes,Justin Baker
576,Stewart Beauty Aliciatown Gallery,Stewart Beauty Group,Noah Rhodes,Justin Baker
577,Stewart Beauty Solomonborough Boutique,Stewart Beauty Group,Noah Rhodes,Justin Baker
578,Lewis Parfum Jameshaven Store,Lewis Parfum Group,Connie Lawrence,Anthony Rodriguez
579,Smith Parfum Vasquezville Gallery,Smith Parfum Holding,Lisa Jackson,Stephanie Ross
580,Morris Scents Tinastad Gallery,Morris Scents Holding,Carla Gray,Zachary Hicks
581,Harrington Fragrance New Shelbyberg Shop,Harrington Fragrance Corp,Lisa Jackson,Stephanie Ross
582,Adams Beauty Port Tiffanyshire Market,Adams Beauty Group,Jamie Arnold,Zachary Hicks
583,Powell Cosmetics West Alexis Market,Powell Cosmetics Corp,Dylan Miller,Stephanie Ross
584,Nicholson Fragrance South Jillmouth Outlet,Nicholson Fragrance Group,Connie Lawrence,Anthony Rodriguez
585,Nicholson Fragrance Lake Kristie Outlet,Nicholson Fragrance Group,Connie Lawrence,Anthony Rodriguez
586,Nicholson Fragrance Nelsonchester Plaza,Nicholson Fragrance Group,Connie Lawrence,Anthony Rodriguez
587,Nicholson Fragrance Williamston Outlet,Nicholson Fragrance Group,Connie Lawrence,Anthony Rodriguez
588,Nicholson Fragrance New Erinberg Boutique,Nicholson Fragrance Group,Connie Lawrence,Anthony Rodriguez
589,King Cosmetics Port Caseystad Plaza,King Cosmetics Holding,Brian Ramirez,Zachary Hicks
590,Taylor Scents Jerryview Gallery,Taylor Scents Corp,Dylan Miller,Stephanie Ross
591,Taylor Scents Curtisfort Outlet,Taylor Scents Corp,Dylan Miller,Stephanie Ross
592,Taylor Scents Christopherbury Shop,Taylor Scents Corp,Dylan Miller,Stephanie Ross
593,Taylor Scents Rodriguezfurt Boutique,Taylor Scents Corp,Dylan Miller,Stephanie Ross
594,Villarreal Scents North Steven Shop,Villarreal Scents Group,Gina Moore,Zachary Hicks
595,Miller Scents Sandersburgh Plaza,Miller Scents Corp,Gina Moore,Zachary Hicks
596,Campbell Beauty Garzabury Gallery,Campbell Beauty Group,Connie Lawrence,Anthony Rodriguez
597,Tran Fragrance East Taylor Shop,Tran Fragrance Group,Ryan Munoz,Judy Baker
598,Lopez Cosmetics Eddietown Gallery,Lopez Cosmetics Group,Lisa Jackson,Stephanie Ross
599,Williams Beauty Hernandezhaven Plaza,Williams Beauty Corp,Brian Ramirez,Zachary Hicks
600,Nicholson Fragrance West Gregory Gallery,Nicholson Fragrance Group,Gina Moore,Zachary Hicks
601,Nicholson Fragrance East Andrew Shop,Nicholson Fragrance Group,Connie Lawrence,Anthony Rodriguez
602,Gomez Fragrance Brownport Store,Gomez Fragrance Holding,Brian Ramirez,Zachary Hicks
603,Oliver Cosmetics Ericside Outlet,Oliver Cosmetics Group,Dylan Miller,Stephanie Ross
604,Oliver Cosmetics Port Brianburgh Plaza,Oliver Cosmetics Group,Dylan Miller,Stephanie Ross
605,Oliver Cosmetics Watersburgh Shop,Oliver Cosmetics Group,Dylan Miller,Stephanie Ross
606,Oliver Cosmetics South Maria Corner,Oliver Cosmetics Group,Dylan Miller,Stephanie Ross
607,Oliver Cosmetics Sarahmouth Plaza,Oliver Cosmetics Group,Dylan Miller,Stephanie Ross
608,Oliver Cosmetics New Rachelport Outlet,Oliver Cosmetics Group,Dylan Miller,Stephanie Ross
609,Oliver Cosmetics Dicksonshire Boutique,Oliver Cosmetics Group,Dylan Miller,Stephanie Ross
610,Oliver Cosmetics Port Heather Gallery,Oliver Cosmetics Group,Dylan Miller,Stephanie Ross
611,Miller Scents South Kevin Gallery,Miller Scents Corp,Gina Moore,Zachary Hicks
612,Taylor Scents Robintown Boutique,Taylor Scents Corp,Dylan Miller,Stephanie Ross
613,Taylor Scents Amandabury Market,Taylor Scents Corp,Dylan Miller,Stephanie Ross
614,Reed Scents Geraldfort Store,Reed Scents Corp,Lisa Jackson,Stephanie Ross
615,Lane Scents North Deborah Plaza,Lane Scents Holding,Lisa Hensley,Stephanie Ross
616,Lane Scents Taylorland Gallery,Lane Scents Holding,Lisa Hensley,Stephanie Ross
617,Lane Scents Michaelport Plaza,Lane Scents Holding,Lisa Hensley,Stephanie Ross
618,Lane Scents Lake Daniel Shop,Lane Scents Holding,Lisa Hensley,Stephanie Ross
619,Lane Scents South Henry Corner,Lane Scents Holding,Lisa Jackson,Stephanie Ross
620,Brown Scents East Jacqueline Corner,Brown Scents Group,Gina Moore,Zachary Hicks
621,Oliver Cosmetics Byrdburgh Gallery,Oliver Cosmetics Group,Dylan Miller,Stephanie Ross
622,Smith Scents Toddmouth Store,Smith Scents Corp,Gina Moore,Zachary Hicks
623,Smith Scents West Caleb Shop,Smith Scents Corp,Gina Moore,Zachary Hicks
624,Smith Scents Lake Isaac Plaza,Smith Scents Group,Dylan Miller,Stephanie Ross
625,Nicholson Fragrance Kimberg Outlet,Nicholson Fragrance Group,Connie Lawrence,Anthony Rodriguez
626,Newman Fragrance Thomashaven Corner,Newman Fragrance Group,Lisa Hensley,Stephanie Ross
627,Aguilar Parfum Michaelfurt Corner,Aguilar Parfum Holding,Connie Lawrence,Anthony Rodriguez
628,Craig Scents North Jeffery Shop,Craig Scents Corp,Lisa Hensley,Stephanie Ross
629,Freeman Parfum West Maryberg Gallery,Freeman Parfum Holding,Connie Lawrence,Anthony Rodriguez
630,Garcia Scents East Donna Outlet,Garcia Scents Group,Gina Moore,Zachary Hicks
631,Wright Fragrance New Teresahaven Store,Wright Fragrance Corp,Jamie Arnold,Zachary Hicks
632,Campbell Fragrance South Colleen Boutique,Campbell Fragrance Holding,Jamie Arnold,Zachary Hicks
633,Taylor Beauty New James Market,Taylor Beauty Corp,Gina Moore,Zachary Hicks
634,Lopez Cosmetics Alanberg Plaza,Lopez Cosmetics Group,Lisa Jackson,Stephanie Ross
635,Lopez Cosmetics Johnsonbury Gallery,Lopez Cosmetics Group,Lisa Jackson,Stephanie Ross
636,Stokes Cosmetics Oliviashire Plaza,Stokes Cosmetics Holding,Gina Moore,Zachary Hicks
637,Stokes Cosmetics New Amyland Gallery,Stokes Cosmetics Holding,Gina Moore,Zachary Hicks
638,Stokes Cosmetics Nicholsonshire Gallery,Stokes Cosmetics Holding,Gina Moore,Zachary Hicks
639,Reed Cosmetics North Christopher Store,Reed Cosmetics Corp,Lisa Hensley,Stephanie Ross
640,Reed Cosmetics Collinsstad Outlet,Reed Cosmetics Corp,Lisa Hensley,Stephanie Ross
641,Reed Cosmetics Scottberg Boutique,Reed Cosmetics Corp,Lisa Hensley,Stephanie Ross
642,Rhodes Cosmetics East Williammouth Corner,Rhodes Cosmetics Group,Gina Moore,Zachary Hicks
643,Reed Cosmetics Piercemouth Outlet,Reed Cosmetics Corp,Lisa Hensley,Stephanie Ross
644,Moreno Cosmetics Hillmouth Shop,Moreno Cosmetics Corp,Brian Ramirez,Zachary Hicks
645,Horton Cosmetics Whitefort Gallery,Horton Cosmetics Holding,Allison Hill,Judy Baker
646,Horton Cosmetics East Michaeltown Corner,Horton Cosmetics Holding,Allison Hill,Judy Baker
647,Oliver Cosmetics Javierview Shop,Oliver Cosmetics Group,Dylan Miller,Stephanie Ross
648,Newman Beauty Jasonfort Market,Newman Beauty Corp,Jamie Arnold,Zachary Hicks
649,Tran Fragrance Michaelberg Store,Tran Fragrance Group,Ryan Munoz,Judy Baker
650,Burgess Scents Jasonmouth Corner,Burgess Scents Holding,Connie Lawrence,Anthony Rodriguez
651,Burgess Scents Port Patrick Store,Burgess Scents Holding,Connie Lawrence,Anthony Rodriguez
652,Horton Cosmetics Mclaughlinmouth Gallery,Horton Cosmetics Holding,Allison Hill,Judy Baker
653,Reed Cosmetics Codyburgh Store,Reed Cosmetics Corp,Lisa Hensley,Stephanie Ross
654,Yu Scents West Patriciahaven Gallery,Yu Scents Group,Lisa Jackson,Stephanie Ross
655,Yu Scents Victoriaville Outlet,Yu Scents Group,Lisa Jackson,Stephanie Ross
656,Tran Fragrance Murphyberg Outlet,Tran Fragrance Group,Ryan Munoz,Judy Baker
657,Tran Fragrance South Michelle Outlet,Tran Fragrance Group,Ryan Munoz,Judy Baker
658,Tran Fragrance New Robinfort Outlet,Tran Fragrance Group,Ryan Munoz,Judy Baker
659,Tran Fragrance North Rachel Corner,Tran Fragrance Group,Ryan Munoz,Judy Baker
660,Rasmussen Beauty Carterton Outlet,Rasmussen Beauty Group,Brian Ramirez,Zachary Hicks
661,Smith Scents East Edgar Gallery,Smith Scents Corp,Margaret Hawkins Dds,Stephanie Ross
662,Powell Cosmetics Brownmouth Corner,Powell Cosmetics Corp,Dylan Miller,Stephanie Ross
663,Hardin Beauty Castrotown Boutique,Hardin Beauty Holding,Dylan Miller,Stephanie Ross
664,Hardin Beauty Lisaburgh Plaza,Hardin Beauty Holding,Dylan Miller,Stephanie Ross
665,Nicholson Fragrance Georgemouth Outlet,Nicholson Fragrance Group,Connie Lawrence,Anthony Rodriguez
666,Harper Beauty East Thomas Shop,Harper Beauty Corp,Noah Rhodes,Justin Baker
667,Harper Beauty Lake Scottborough Boutique,Harper Beauty Corp,Noah Rhodes,Justin Baker
668,Harper Beauty East Christopher Boutique,Harper Beauty Corp,Noah Rhodes,Justin Baker
669,Harper Beauty Lesterberg Boutique,Harper Beauty Corp,Noah Rhodes,Justin Baker
670,Harper Beauty Port Daniel Market,Harper Beauty Corp,Noah Rhodes,Justin Baker
671,Harper Beauty Port Brandonland Market,Harper Beauty Corp,Noah Rhodes,Justin Baker
672,Nicholson Fragrance New Michael Boutique,Nicholson Fragrance Group,Connie Lawrence,Anthony Rodriguez
673,Morris Parfum East Seanfort Store,Morris Parfum Group,Gina Moore,Zachary Hicks
674,Hernandez Scents New Caitlynport Outlet,Hernandez Scents Corp,Connie Lawrence,Anthony Rodriguez
675,Ayala Scents Erikafort Outlet,Ayala Scents Holding,Gina Moore,Zachary Hicks
676,Wells Parfum South Bonnie Boutique,Wells Parfum Group,Dylan Miller,Stephanie Ross
677,Rodriguez Scents Lisastad Outlet,Rodriguez Scents Corp,Brian Ramirez,Zachary Hicks
678,Preston Parfum Shortstad Market,Preston Parfum Group,Margaret Hawkins Dds,Stephanie Ross
679,Rodriguez Scents Prestonburgh Outlet,Rodriguez Scents Corp,Brian Ramirez,Zachary Hicks
680,Lewis Beauty Wilsonton Shop,Lewis Beauty Holding,Margaret Hawkins Dds,Stephanie Ross
681,Shaffer Beauty West Kelly Plaza,Shaffer Beauty Corp,Brian Ramirez,Zachary Hicks
682,Lee Beauty East Josephborough Corner,Lee Beauty Holding,Cristian Santos,Zachary Hicks
683,Rodriguez Scents Lake Matthewtown Outlet,Rodriguez Scents Corp,Brian Ramirez,Zachary Hicks
684,Rodriguez Scents Winterston Store,Rodriguez Scents Corp,Brian Ramirez,Zachary Hicks
685,Tran Fragrance Jasonbury Plaza,Tran Fragrance Group,Ryan Munoz,Judy Baker
686,Tran Fragrance Bellchester Store,Tran Fragrance Group,Ryan Munoz,Judy Baker
687,Tran Fragrance North Wandaberg Boutique,Tran Fragrance Group,Ryan Munoz,Judy Baker
688,Bell Cosmetics Curtisside Boutique,Bell Cosmetics Corp,Lisa Jackson,Stephanie Ross
689,Nicholson Fragrance Angelaland Market,Nicholson Fragrance Group,Connie Lawrence,Anthony Rodriguez
690,Oliver Cosmetics New Michaelstad Corner,Oliver Cosmetics Group,Dylan Miller,Stephanie Ross
691,Pineda Scents Port Matthewshire Plaza,Pineda Scents Group,Connie Lawrence,Anthony Rodriguez
692,Nicholson Fragrance West Todd Boutique,Nicholson Fragrance Group,Connie Lawrence,Anthony Rodriguez
693,Nicholson Fragrance Smithside Market,Nicholson Fragrance Group,Connie Lawrence,Anthony Rodriguez
694,Nicholson Fragrance Torreshaven Plaza,Nicholson Fragrance Group,Connie Lawrence,Anthony Rodriguez
695,Nicholson Fragrance Whitehaven Store,Nicholson Fragrance Group,Connie Lawrence,Anthony Rodriguez
696,Nicholson Fragrance West Thomas Store,Nicholson Fragrance Group,Connie Lawrence,Anthony Rodriguez
697,Newton Beauty Victorberg Shop,Newton Beauty Corp,Lisa Hensley,Stephanie Ross
698,Archer Cosmetics Burkeshire Outlet,Archer Cosmetics Corp,Lisa Jackson,Stephanie Ross
699,Atkins Beauty Bennettchester Store,Atkins Beauty Corp,Margaret Hawkins Dds,Stephanie Ross
700,Smith Scents Mccoytown Store,Smith Scents Corp,Lisa Jackson,Stephanie Ross
701,Carter Parfum North Donna Boutique,Carter Parfum Group,Cristian Santos,Zachary Hicks
702,Stokes Cosmetics Perezshire Corner,Stokes Cosmetics Holding,Gina Moore,Zachary Hicks
703,Brown Fragrance South Marybury Plaza,Brown Fragrance Group,Lisa Jackson,Stephanie Ross
704,Brown Fragrance New Amber Boutique,Brown Fragrance Group,Lisa Jackson,Stephanie Ross
705,Brown Fragrance Lake Michaelborough Shop,Brown Fragrance Group,Lisa Jackson,Stephanie Ross
706,Brown Fragrance Shawhaven Store,Brown Fragrance Group,Lisa Jackson,Stephanie Ross
707,Tran Fragrance West Katherineside Outlet,Tran Fragrance Group,Ryan Munoz,Judy Baker
708,King Cosmetics Lake Arianaport Plaza,King Cosmetics Holding,Carla Gray,Zachary Hicks
709,Bauer Cosmetics East Paulfort Corner,Bauer Cosmetics Holding,Connie Lawrence,Anthony Rodriguez
710,Avila Fragrance Lisaborough Market,Avila Fragrance Corp,Gina Moore,Zachary Hicks
711,Lopez Scents Rayport Market,Lopez Scents Group,Connie Lawrence,Anthony Rodriguez
712,Carpenter Beauty New Timothyborough Gallery,Carpenter Beauty Corp,Gina Moore,Zachary Hicks
713,Lopez Cosmetics Castillomouth Gallery,Lopez Cosmetics Group,Lisa Jackson,Stephanie Ross
714,Moore Beauty Samanthatown Boutique,Moore Beauty Holding,Lisa Jackson,Stephanie Ross
715,Johnson Parfum East Laura Plaza,Johnson Parfum Holding,Monica Herrera,Stephanie Ross
716,Reed Cosmetics Petersmouth Store,Reed Cosmetics Corp,Lisa Hensley,Stephanie Ross
717,Smith Scents New Eric Outlet,Smith Scents Corp,Brian Ramirez,Zachary Hicks
718,Oliver Cosmetics West Nancychester Plaza,Oliver Cosmetics Group,Dylan Miller,Stephanie Ross
719,Howe Cosmetics Ianland Corner,Howe Cosmetics Group,Gina Moore,Zachary Hicks
720,Cannon Scents Reeseborough Corner,Cannon Scents Group,Gina Moore,Zachary Hicks
721,Ayala Scents Phillipsbury Shop,Ayala Scents Holding,Gina Moore,Zachary Hicks
722,Lyons Fragrance Wrightside Store,Lyons Fragrance Holding,Brian Ramirez,Zachary Hicks
723,Lyons Fragrance Millerburgh Boutique,Lyons Fragrance Holding,Brian Ramirez,Zachary Hicks
724,Smith Scents East Billyside Gallery,Smith Scents Corp,Gina Moore,Zachary Hicks
725,Lee Beauty Riceside Boutique,Lee Beauty Holding,Cristian Santos,Zachary Hicks
726,Tran Fragrance Donaldbury Boutique,Tran Fragrance Group,Ryan Munoz,Judy Baker
727,Tran Fragrance Williamsburgh Gallery,Tran Fragrance Group,Ryan Munoz,Judy Baker
728,Jacobson Cosmetics Lake Christine Boutique,Jacobson Cosmetics Group,Lisa Jackson,Stephanie Ross
729,Woods Fragrance Aguilarburgh Gallery,Woods Fragrance Holding,Lisa Jackson,Stephanie Ross
730,Johnson Parfum Alexanderfurt Outlet,Johnson Parfum Corp,Lisa Jackson,Stephanie Ross
731,Nicholson Fragrance Pooleburgh Outlet,Nicholson Fragrance Group,Connie Lawrence,Anthony Rodriguez
732,Campbell Beauty South Jasonchester Plaza,Campbell Beauty Group,Lisa Jackson,Stephanie Ross
733,Johnson Cosmetics New Barbaraburgh Market,Johnson Cosmetics Corp,Lisa Jackson,Stephanie Ross
734,Burgess Scents Wrightton Corner,Burgess Scents Holding,Connie Lawrence,Anthony Rodriguez
735,Jacobson Cosmetics Morganstad Store,Jacobson Cosmetics Group,Lisa Jackson,Stephanie Ross
736,Powell Cosmetics Rileyton Shop,Powell Cosmetics Holding,Connie Lawrence,Anthony Rodriguez
737,Brown Fragrance Lake Cassandrachester Plaza,Brown Fragrance Group,Lisa Jackson,Stephanie Ross
738,Taylor Scents Sherrytown Outlet,Taylor Scents Corp,Dylan Miller,Stephanie Ross
739,Jacobson Cosmetics Braunchester Shop,Jacobson Cosmetics Group,Lisa Jackson,Stephanie Ross
740,Ayala Scents Lisaside Shop,Ayala Scents Holding,Gina Moore,Zachary Hicks
741,Rhodes Cosmetics Gomezland Outlet,Rhodes Cosmetics Group,Gina Moore,Zachary Hicks
742,Lyons Fragrance Sarahhaven Shop,Lyons Fragrance Holding,Brian Ramirez,Zachary Hicks
743,Lyons Fragrance Travisport Boutique,Lyons Fragrance Holding,Brian Ramirez,Zachary Hicks
744,Mullins Beauty Codystad Outlet,Mullins Beauty Holding,Connie Lawrence,Anthony Rodriguez
745,Singleton Beauty South Rebeccafort Market,Singleton Beauty Holding,Gina Moore,Zachary Hicks
746,Jones Cosmetics Laurenmouth Gallery,Jones Cosmetics Corp,Dylan Miller,Stephanie Ross
747,Jones Cosmetics Sanchezville Corner,Jones Cosmetics Corp,Dylan Miller,Stephanie Ross
748,Gordon Scents East Theresabury Corner,Gordon Scents Holding,Lisa Hensley,Stephanie Ross
749,Gordon Scents Stonestad Plaza,Gordon Scents Holding,Lisa Hensley,Stephanie Ross
750,Martinez Fragrance Williamchester Boutique,Martinez Fragrance Holding,Lisa Jackson,Stephanie Ross
751,Harris Scents Deantown Boutique,Harris Scents Corp,Cristian Santos,Zachary Hicks
752,Burgess Scents New Cindyborough Gallery,Burgess Scents Holding,Connie Lawrence,Anthony Rodriguez
753,Harper Beauty Wilsonfort Store,Harper Beauty Corp,Noah Rhodes,Justin Baker
754,Young Parfum Jessestad Gallery,Young Parfum Corp,Lisa Hensley,Stephanie Ross
755,Mendez Cosmetics Kimberlyberg Shop,Mendez Cosmetics Holding,Dylan Miller,Stephanie Ross
756,Kelley Beauty Hunterhaven Plaza,Kelley Beauty Holding,Jamie Arnold,Zachary Hicks
757,Boyd Parfum Lake Markbury Store,Boyd Parfum Holding,Connie Lawrence,Anthony Rodriguez
758,Smith Scents Annaville Corner,Smith Scents Corp,Lisa Jackson,Stephanie Ross
759,Guzman Scents South Tonyaview Store,Guzman Scents Holding,Carla Gray,Zachary Hicks
760,Guzman Scents New Edwardhaven Corner,Guzman Scents Holding,Carla Gray,Zachary Hicks
761,Moore Beauty East Lauraside Outlet,Moore Beauty Holding,Lisa Jackson,Stephanie Ross
762,Morris Parfum South Melissa Market,Morris Parfum Group,Gina Moore,Zachary Hicks
763,Nicholson Fragrance Meaganmouth Plaza,Nicholson Fragrance Group,Connie Lawrence,Anthony Rodriguez
764,Clark Scents New Jenniferfurt Plaza,Clark Scents Group,Connie Lawrence,Anthony Rodriguez
765,Nicholson Fragrance New Emma Plaza,Nicholson Fragrance Group,Connie Lawrence,Anthony Rodriguez
766,Morton Beauty Lisaberg Store,Morton Beauty Holding,Dylan Miller,Stephanie Ross
767,Harris Scents West Steven Boutique,Harris Scents Corp,Cristian Santos,Zachary Hicks
768,Byrd Scents New Andreaside Boutique,Byrd Scents Corp,Margaret Hawkins Dds,Stephanie Ross
769,Stewart Beauty East Michellechester Shop,Stewart Beauty Group,Noah Rhodes,Justin Baker
770,Oliver Cosmetics Port Amanda Plaza,Oliver Cosmetics Group,Dylan Miller,Stephanie Ross
771,Mills Scents Joneschester Store,Mills Scents Holding,Connie Lawrence,Anthony Rodriguez
772,Jacobson Cosmetics West Ryanmouth Store,Jacobson Cosmetics Group,Monica Herrera,Stephanie Ross
773,Watkins Fragrance South Johnborough Outlet,Watkins Fragrance Group,Brian Ramirez,Zachary Hicks
774,Taylor Scents Sarahmouth Store,Taylor Scents Corp,Dylan Miller,Stephanie Ross
775,Nicholson Fragrance Simmonsmouth Outlet,Nicholson Fragrance Group,Connie Lawrence,Anthony Rodriguez
776,Brown Fragrance West Victoriamouth Corner,Brown Fragrance Group,Ethan Adams,Rebecca Henderson
777,Nicholson Fragrance Port Thomasport Plaza,Nicholson Fragrance Group,Connie Lawrence,Anthony Rodriguez
778,Taylor Scents Millerhaven Plaza,Taylor Scents Corp,Dylan Miller,Stephanie Ross
779,Nicholson Fragrance Perezville Boutique,Nicholson Fragrance Group,Connie Lawrence,Anthony Rodriguez
780,Moss Beauty Jonesshire Store,Moss Beauty Holding,Brian Ramirez,Zachary Hicks
781,Cannon Scents Ashleyhaven Plaza,Cannon Scents Group,Gina Moore,Zachary Hicks
782,Campbell Beauty West Noah Shop,Campbell Beauty Group,Lisa Jackson,Stephanie Ross
783,Adams Beauty Lake Michelle Market,Adams Beauty Group,Jamie Arnold,Zachary Hicks
784,Adams Beauty Debbiefurt Boutique,Adams Beauty Group,Jamie Arnold,Zachary Hicks
785,Adams Beauty Colemanville Corner,Adams Beauty Group,Jamie Arnold,Zachary Hicks
786,Adams Beauty Stevefurt Outlet,Adams Beauty Group,Jamie Arnold,Zachary Hicks
787,Phillips Fragrance Lake Kevin Boutique,Phillips Fragrance Group,Margaret Hawkins Dds,Stephanie Ross
788,Nicholson Fragrance Powellchester Shop,Nicholson Fragrance Group,Connie Lawrence,Anthony Rodriguez
789,Nicholson Fragrance Port Williamton Outlet,Nicholson Fragrance Group,Connie Lawrence,Anthony Rodriguez
790,Ayala Scents West Wendytown Gallery,Ayala Scents Holding,Gina Moore,Zachary Hicks
791,Gomez Fragrance Patrickland Corner,Gomez Fragrance Holding,Brian Ramirez,Zachary Hicks
792,Reed Cosmetics Port Devinstad Corner,Reed Cosmetics Corp,Lisa Hensley,Stephanie Ross
793,Nicholson Fragrance Montgomerybury Store,Nicholson Fragrance Group,Connie Lawrence,Anthony Rodriguez
794,Nicholson Fragrance New Darleneport Plaza,Nicholson Fragrance Group,Connie Lawrence,Anthony Rodriguez
795,Nicholson Fragrance Williamsonport Shop,Nicholson Fragrance Group,Connie Lawrence,Anthony Rodriguez
796,Taylor Scents Tinaborough Plaza,Taylor Scents Corp,Dylan Miller,Stephanie Ross
797,Smith Scents Port Maryborough Boutique,Smith Scents Corp,Connie Lawrence,Anthony Rodriguez
798,Nicholson Fragrance Lake James Market,Nicholson Fragrance Group,Connie Lawrence,Anthony Rodriguez
799,Nicholson Fragrance Lake Jenniferstad Market,Nicholson Fragrance Group,Connie Lawrence,Anthony Rodriguez
800,Lindsey Fragrance Anthonyview Plaza,Lindsey Fragrance Group,Brian Ramirez,Zachary Hicks
801,Harper Beauty New Juanport Shop,Harper Beauty Corp,Noah Rhodes,Justin Baker
802,Harper Beauty West Michaelland Outlet,Harper Beauty Corp,Noah Rhodes,Justin Baker
803,Harper Beauty North Heather Gallery,Harper Beauty Corp,Noah Rhodes,Justin Baker
804,Harper Beauty Hannahview Gallery,Harper Beauty Corp,Noah Rhodes,Justin Baker
805,Harper Beauty Andrewton Store,Harper Beauty Corp,Noah Rhodes,Justin Baker
806,Harper Beauty South Caleb Boutique,Harper Beauty Corp,Noah Rhodes,Justin Baker
807,Harper Beauty Alejandrobury Outlet,Harper Beauty Corp,Noah Rhodes,Justin Baker
808,Harper Beauty Hannabury Gallery,Harper Beauty Corp,Noah Rhodes,Justin Baker
809,Harper Beauty Sheriborough Store,Harper Beauty Corp,Noah Rhodes,Justin Baker
810,Harper Beauty South Ronald Market,Harper Beauty Corp,Noah Rhodes,Justin Baker
811,Harper Beauty South William Outlet,Harper Beauty Corp,Noah Rhodes,Justin Baker
812,Harper Beauty East Matthewfurt Corner,Harper Beauty Corp,Noah Rhodes,Justin Baker
813,Harper Beauty New Maryborough Gallery,Harper Beauty Corp,Noah Rhodes,Justin Baker
814,Harper Beauty Bishopland Outlet,Harper Beauty Corp,Noah Rhodes,Justin Baker
815,Harper Beauty Khanton Market,Harper Beauty Corp,Noah Rhodes,Justin Baker
816,Harper Beauty Justinfurt Shop,Harper Beauty Corp,Noah Rhodes,Justin Baker
817,Harper Beauty Lake Monicashire Plaza,Harper Beauty Corp,Noah Rhodes,Justin Baker
818,Harper Beauty East Randy Store,Harper Beauty Corp,Noah Rhodes,Justin Baker
819,Harper Beauty Chelseafurt Outlet,Harper Beauty Corp,Noah Rhodes,Justin Baker
820,Harper Beauty Jacksonfurt Outlet,Harper Beauty Corp,Noah Rhodes,Justin Baker
821,Harper Beauty Emilytown Corner,Harper Beauty Corp,Noah Rhodes,Justin Baker
822,Harper Beauty Bowmanside Boutique,Harper Beauty Corp,Noah Rhodes,Justin Baker
823,Harper Beauty Bakerview Store,Harper Beauty Corp,Noah Rhodes,Justin Baker
824,Harper Beauty Sandovalshire Boutique,Harper Beauty Corp,Noah Rhodes,Justin Baker
825,Harper Beauty North Bobbyborough Corner,Harper Beauty Corp,Noah Rhodes,Justin Baker
826,Harper Beauty North Melissaland Market,Harper Beauty Corp,Noah Rhodes,Justin Baker
827,Harper Beauty Tammychester Store,Harper Beauty Corp,Noah Rhodes,Justin Baker
828,Harper Beauty Nguyenshire Store,Harper Beauty Corp,Noah Rhodes,Justin Baker
829,Harper Beauty Paulmouth Corner,Harper Beauty Corp,Noah Rhodes,Justin Baker
830,Robinson Scents Grantport Boutique,Robinson Scents Group,Jamie Arnold,Zachary Hicks
831,Moore Beauty Port Nancy Gallery,Moore Beauty Corp,Cristian Santos,Zachary Hicks
832,Allen Beauty Lake Eric Gallery,Allen Beauty Group,Connie Lawrence,Anthony Rodriguez
833,Nicholson Fragrance Martinezburgh Shop,Nicholson Fragrance Group,Connie Lawrence,Anthony Rodriguez
834,Lindsey Fragrance West Heidiville Store,Lindsey Fragrance Group,Brian Ramirez,Zachary Hicks
835,Nicholson Fragrance Lake Cliffordbury Market,Nicholson Fragrance Group,Connie Lawrence,Anthony Rodriguez
836,Nicholson Fragrance Lake James Gallery,Nicholson Fragrance Group,Connie Lawrence,Anthony Rodriguez
837,Nicholson Fragrance Smithtown Shop,Nicholson Fragrance Group,Connie Lawrence,Anthony Rodriguez
838,Nicholson Fragrance South Karenmouth Plaza,Nicholson Fragrance Group,Connie Lawrence,Anthony Rodriguez
839,Nicholson Fragrance Ryanport Plaza,Nicholson Fragrance Group,Connie Lawrence,Anthony Rodriguez
840,Nicholson Fragrance Tonyton Plaza,Nicholson Fragrance Group,Connie Lawrence,Anthony Rodriguez
841,Nicholson Fragrance Samuelburgh Gallery,Nicholson Fragrance Group,Connie Lawrence,Anthony Rodriguez
842,Nicholson Fragrance Port Virginia Market,Nicholson Fragrance Group,Connie Lawrence,Anthony Rodriguez
843,Nicholson Fragrance Adamsmouth Boutique,Nicholson Fragrance Group,Connie Lawrence,Anthony Rodriguez
844,Nicholson Fragrance South Stephenville Gallery,Nicholson Fragrance Group,Connie Lawrence,Anthony Rodriguez
845,Horton Cosmetics Anthonyport Shop,Horton Cosmetics Holding,Allison Hill,Judy Baker
846,Martin Cosmetics Port Michellemouth Corner,Martin Cosmetics Group,Gina Moore,Zachary Hicks
847,Martin Cosmetics Rodriguezstad Plaza,Martin Cosmetics Group,Gina Moore,Zachary Hicks
848,Martin Cosmetics Lake Bobbyshire Outlet,Martin Cosmetics Group,Gina Moore,Zachary Hicks
849,Martin Cosmetics South Anthonystad Shop,Martin Cosmetics Group,Lisa Hensley,Stephanie Ross
850,Martin Cosmetics Whiteview Corner,Martin Cosmetics Group,Gina Moore,Zachary Hicks
851,Martin Cosmetics Patrickside Boutique,Martin Cosmetics Group,Gina Moore,Zachary Hicks
852,King Cosmetics Jenningschester Gallery,King Cosmetics Holding,Brian Ramirez,Zachary Hicks
853,Nicholson Fragrance East Tammyshire Store,Nicholson Fragrance Group,Connie Lawrence,Anthony Rodriguez
854,Roberts Beauty Tracymouth Gallery,Roberts Beauty Corp,Connie Lawrence,Anthony Rodriguez
855,Harper Beauty North Jenniferton Outlet,Harper Beauty Corp,Noah Rhodes,Justin Baker
856,Harper Beauty New Emily Shop,Harper Beauty Corp,Noah Rhodes,Justin Baker
857,Harper Beauty Meredithport Outlet,Harper Beauty Corp,Noah Rhodes,Justin Baker
858,Harper Beauty Nicholasborough Boutique,Harper Beauty Corp,Noah Rhodes,Justin Baker
859,Harper Beauty Christopherchester Shop,Harper Beauty Corp,Noah Rhodes,Justin Baker
860,Harper Beauty Christopherborough Outlet,Harper Beauty Corp,Noah Rhodes,Justin Baker
861,Harper Beauty Riveraside Gallery,Harper Beauty Corp,Noah Rhodes,Justin Baker
862,Harper Beauty Martinview Shop,Harper Beauty Corp,Noah Rhodes,Justin Baker
863,Harper Beauty Mcgeeton Plaza,Harper Beauty Corp,Noah Rhodes,Justin Baker
864,Harper Beauty Katherineport Plaza,Harper Beauty Corp,Noah Rhodes,Justin Baker
865,Harper Beauty North Jorgeview Store,Harper Beauty Corp,Noah Rhodes,Justin Baker
866,Harper Beauty Davidtown Plaza,Harper Beauty Corp,Noah Rhodes,Justin Baker
867,Harper Beauty North Billy Store,Harper Beauty Corp,Noah Rhodes,Justin Baker
868,Harper Beauty Vanessahaven Market,Harper Beauty Corp,Noah Rhodes,Justin Baker
869,Harper Beauty Hillstad Shop,Harper Beauty Corp,Noah Rhodes,Justin Baker
870,Harper Beauty Lake Scottview Plaza,Harper Beauty Corp,Noah Rhodes,Justin Baker
871,Harper Beauty Rosehaven Boutique,Harper Beauty Corp,Noah Rhodes,Justin Baker
872,Lindsey Fragrance Juanstad Market,Lindsey Fragrance Group,Carla Gray,Zachary Hicks
873,Lindsey Fragrance Rachelview Plaza,Lindsey Fragrance Group,Lisa Hensley,Stephanie Ross
874,Nicholson Fragrance North Christine Store,Nicholson Fragrance Group,Connie Lawrence,Anthony Rodriguez
875,Hall Scents South Gregoryland Market,Hall Scents Corp,Connie Lawrence,Anthony Rodriguez
876,Gomez Fragrance Lake Raymond Shop,Gomez Fragrance Holding,Brian Ramirez,Zachary Hicks
877,Guzman Scents East Erica Outlet,Guzman Scents Holding,Carla Gray,Zachary Hicks
878,Lindsey Fragrance East Stacy Gallery,Lindsey Fragrance Group,Brian Ramirez,Zachary Hicks
879,Guzman Scents Jamesside Outlet,Guzman Scents Holding,Carla Gray,Zachary Hicks
880,Tran Fragrance South Brianfurt Outlet,Tran Fragrance Group,Ryan Munoz,Judy Baker
881,Gomez Fragrance Markville Corner,Gomez Fragrance Holding,Brian Ramirez,Zachary Hicks
882,Nicholson Fragrance Michaelton Corner,Nicholson Fragrance Group,Connie Lawrence,Anthony Rodriguez
883,Nicholson Fragrance West Brianhaven Outlet,Nicholson Fragrance Group,Connie Lawrence,Anthony Rodriguez
884,Singleton Beauty North Laceymouth Shop,Singleton Beauty Holding,Gina Moore,Zachary Hicks
885,Adams Parfum Fergusonborough Store,Adams Parfum Group,Lisa Jackson,Stephanie Ross
886,Adams Parfum Joneshaven Gallery,Adams Parfum Group,Lisa Jackson,Stephanie Ross
887,Cannon Scents East Joshua Store,Cannon Scents Group,Gina Moore,Zachary Hicks
888,Cannon Scents New Robertberg Corner,Cannon Scents Group,Gina Moore,Zachary Hicks
889,Reed Cosmetics Martinfurt Plaza,Reed Cosmetics Corp,Lisa Hensley,Stephanie Ross
890,Nicholson Fragrance Robertobury Boutique,Nicholson Fragrance Group,Connie Lawrence,Anthony Rodriguez
891,Bailey Cosmetics New Joshua Shop,Bailey Cosmetics Group,Ethan Adams,Rebecca Henderson
892,Brown Scents Wrightville Plaza,Brown Scents Group,Gina Moore,Zachary Hicks
893,Burgess Scents Michaelport Corner,Burgess Scents Holding,Connie Lawrence,Anthony Rodriguez
894,Curtis Parfum South Tammyshire Store,Curtis Parfum Holding,Connie Lawrence,Anthony Rodriguez
895,Nicholson Fragrance West Ericton Shop,Nicholson Fragrance Group,Connie Lawrence,Anthony Rodriguez
896,Nicholson Fragrance New Karenside Plaza,Nicholson Fragrance Group,Connie Lawrence,Anthony Rodriguez
897,Wood Beauty South Jenniferview Corner,Wood Beauty Group,Brian Ramirez,Zachary Hicks
898,Wood Beauty Lake Michael Shop,Wood Beauty Group,Brian Ramirez,Zachary Hicks
899,Wood Beauty Jimenezfort Plaza,Wood Beauty Group,Brian Ramirez,Zachary Hicks
900,Wood Beauty East Jennifer Gallery,Wood Beauty Group,Brian Ramirez,Zachary Hicks
901,Wood Beauty Port Robertville Boutique,Wood Beauty Group,Brian Ramirez,Zachary Hicks
902,Wood Beauty Savageburgh Plaza,Wood Beauty Group,Lisa Hensley,Stephanie Ross
903,Wood Beauty East Kristinside Plaza,Wood Beauty Group,Lisa Hensley,Stephanie Ross
904,Wood Beauty Williamstown Corner,Wood Beauty Group,Lisa Hensley,Stephanie Ross
905,Wood Beauty East Bryanfort Plaza,Wood Beauty Group,Brian Ramirez,Zachary Hicks
906,Wood Beauty Hannahmouth Boutique,Wood Beauty Group,Brian Ramirez,Zachary Hicks
907,Nicholson Fragrance South Sarah Outlet,Nicholson Fragrance Group,Connie Lawrence,Anthony Rodriguez
908,Bright Scents Christinemouth Store,Bright Scents Corp,Jamie Arnold,Zachary Hicks
909,Rivera Parfum Ericabury Market,Rivera Parfum Group,Margaret Hawkins Dds,Stephanie Ross
910,Lucas Beauty South Jenniferview Plaza,Lucas Beauty Corp,Brian Ramirez,Zachary Hicks
911,Molina Beauty Ginabury Boutique,Molina Beauty Corp,Carla Gray,Zachary Hicks
912,Keller Cosmetics Audreymouth Shop,Keller Cosmetics Group,Gina Moore,Zachary Hicks
913,Keller Cosmetics Brownview Outlet,Keller Cosmetics Group,Gina Moore,Zachary Hicks
914,Keller Cosmetics Teresamouth Corner,Keller Cosmetics Group,Gina Moore,Zachary Hicks
915,Keller Cosmetics Davisville Corner,Keller Cosmetics Group,Gina Moore,Zachary Hicks
916,Keller Cosmetics Jacksonmouth Boutique,Keller Cosmetics Group,Gina Moore,Zachary Hicks
917,Keller Cosmetics Port Rebecca Gallery,Keller Cosmetics Group,Gina Moore,Zachary Hicks
918,Keller Cosmetics Scottfurt Outlet,Keller Cosmetics Group,Gina Moore,Zachary Hicks
919,Keller Cosmetics South Roseburgh Gallery,Keller Cosmetics Group,Gina Moore,Zachary Hicks
920,Garcia Fragrance Skinnerfort Plaza,Garcia Fragrance Holding,Lisa Hensley,Stephanie Ross
921,Hudson Fragrance West Jessicabury Shop,Hudson Fragrance Holding,Gina Moore,Zachary Hicks
922,Lyons Fragrance North Charlesburgh Outlet,Lyons Fragrance Holding,Brian Ramirez,Zachary Hicks
923,Lyons Fragrance Port Lauren Gallery,Lyons Fragrance Holding,Brian Ramirez,Zachary Hicks
924,Thompson Parfum Coreytown Gallery,Thompson Parfum Group,Jamie Arnold,Zachary Hicks
925,Hamilton Beauty Tracytown Store,Hamilton Beauty Corp,Gina Moore,Zachary Hicks
926,Woods Fragrance Kathymouth Store,Woods Fragrance Holding,Lisa Jackson,Stephanie Ross
927,Snyder Parfum Port Breannahaven Shop,Snyder Parfum Holding,Margaret Hawkins Dds,Stephanie Ross
928,Morris Parfum Johnfurt Market,Morris Parfum Group,Gina Moore,Zachary Hicks
929,Morris Parfum New Donnahaven Outlet,Morris Parfum Group,Gina Moore,Zachary Hicks
930,Morris Parfum Harrisburgh Store,Morris Parfum Group,Gina Moore,Zachary Hicks
931,Morris Parfum West Christinefurt Store,Morris Parfum Group,Gina Moore,Zachary Hicks
932,Morris Parfum East Taylorfort Plaza,Morris Parfum Group,Gina Moore,Zachary Hicks
933,Jones Beauty North Cheryl Plaza,Jones Beauty Corp,Connie Lawrence,Anthony Rodriguez
934,Smith Scents East Maryborough Plaza,Smith Scents Corp,Connie Lawrence,Anthony Rodriguez
935,Smith Scents Port Robertobury Boutique,Smith Scents Corp,Connie Lawrence,Anthony Rodriguez
936,Smith Scents Ashleeside Store,Smith Scents Corp,Patty Perez,Nan
937,Smith Scents North Olivia Boutique,Smith Scents Corp,Patty Perez,Nan
938,Brown Beauty North April Plaza,Brown Beauty Group,Connie Lawrence,Anthony Rodriguez
939,Vance Beauty West Jonathan Outlet,Vance Beauty Corp,Ethan Adams,Rebecca Henderson
940,Smith Scents Lindsayport Boutique,Smith Scents Corp,Patty Perez,Nan
941,Smith Scents Port Ashleytown Boutique,Smith Scents Corp,Patty Perez,Nan
942,Fritz Beauty New Jacquelinebury Outlet,Fritz Beauty Holding,Ethan Adams,Rebecca Henderson
943,Fritz Beauty Port Christopherhaven Corner,Fritz Beauty Holding,Ethan Adams,Rebecca Henderson
944,Fritz Beauty Meganton Store,Fritz Beauty Holding,Ethan Adams,Rebecca Henderson
945,Fritz Beauty Lake Eric Store,Fritz Beauty Holding,Ethan Adams,Rebecca Henderson
946,Smith Scents Smithstad Boutique,Smith Scents Corp,Ethan Adams,Rebecca Henderson
947,Smith Scents East Maryton Plaza,Smith Scents Corp,Ethan Adams,Rebecca Henderson
948,Smith Scents Port Eric Store,Smith Scents Corp,Ethan Adams,Rebecca Henderson
949,Vance Beauty Port Trevor Gallery,Vance Beauty Corp,Ethan Adams,Rebecca Henderson
950,Smith Scents South Isaacfurt Boutique,Smith Scents Corp,Patty Perez,Nan
951,Fritz Beauty West Jayville Gallery,Fritz Beauty Holding,Ethan Adams,Rebecca Henderson
952,Smith Scents Wilsonhaven Boutique,Smith Scents Corp,Connie Lawrence,Anthony Rodriguez
953,Smith Scents Aprilburgh Corner,Smith Scents Corp,Ethan Adams,Rebecca Henderson
954,Smith Scents New Richardmouth Store,Smith Scents Corp,Ethan Adams,Rebecca Henderson
955,Vance Beauty Salinasville Market,Vance Beauty Corp,Ethan Adams,Rebecca Henderson
956,Smith Scents Latashaburgh Plaza,Smith Scents Corp,Ethan Adams,Rebecca Henderson
957,Roberts Parfum Colemantown Shop,Roberts Parfum Holding,Ethan Adams,Rebecca Henderson
958,Smith Scents Jenkinsside Outlet,Smith Scents Corp,Ethan Adams,Rebecca Henderson
959,Smith Scents Port Matthewshire Market,Smith Scents Corp,Ethan Adams,Rebecca Henderson
960,Smith Scents Port Tammy Plaza,Smith Scents Corp,Connie Lawrence,Anthony Rodriguez
961,Fritz Beauty Smithtown Shop,Fritz Beauty Holding,Ethan Adams,Rebecca Henderson
962,Fritz Beauty Lake Jessicaview Store,Fritz Beauty Holding,Ethan Adams,Rebecca Henderson
963,Smith Scents South Theresa Corner,Smith Scents Corp,Patty Perez,Nan
964,Fritz Beauty Simonbury Outlet,Fritz Beauty Holding,Ethan Adams,Rebecca Henderson
965,Fritz Beauty Davisstad Gallery,Fritz Beauty Holding,Ethan Adams,Rebecca Henderson
966,Fritz Beauty Christopherport Gallery,Fritz Beauty Holding,Ethan Adams,Rebecca Henderson
967,Fritz Beauty Andrewside Store,Fritz Beauty Holding,Ethan Adams,Rebecca Henderson
968,Fritz Beauty North Samanthaville Market,Fritz Beauty Holding,Ethan Adams,Rebecca Henderson
969,Smith Scents Adamton Market,Smith Scents Corp,Ethan Adams,Rebecca Henderson
970,Smith Scents Wendyview Market,Smith Scents Corp,Connie Lawrence,Anthony Rodriguez
971,Smith Scents Michelebury Gallery,Smith Scents Corp,Ethan Adams,Rebecca Henderson
972,Smith Scents Hughesview Plaza,Smith Scents Corp,Ethan Adams,Rebecca Henderson
973,Bell Beauty East Patricia Shop,Bell Beauty Holding,Connie Lawrence,Anthony Rodriguez
974,Smith Scents West Rachaelside Store,Smith Scents Corp,Ethan Adams,Rebecca Henderson
975,Smith Scents New Jenniferland Market,Smith Scents Corp,Ethan Adams,Rebecca Henderson
976,Smith Scents Cruzchester Shop,Smith Scents Corp,Connie Lawrence,Anthony Rodriguez
977,Smith Scents Mariafort Plaza,Smith Scents Corp,Connie Lawrence,Anthony Rodriguez
978,Weaver Fragrance Kleinport Plaza,Weaver Fragrance Group,Ethan Adams,Rebecca Henderson
979,Rios Fragrance Benjaminville Shop,Rios Fragrance Corp,Connie Lawrence,Anthony Rodriguez
980,Smith Scents North Matthewshire Shop,Smith Scents Corp,Ethan Adams,Rebecca Henderson
981,Smith Scents Fletcherton Corner,Smith Scents Corp,Ethan Adams,Rebecca Henderson
982,Smith Scents South Matthew Store,Smith Scents Corp,Ethan Adams,Rebecca Henderson
983,Smith Scents New Nicholasside Boutique,Smith Scents Corp,Patty Perez,Nan
984,Smith Scents Port Emily Market,Smith Scents Corp,Ethan Adams,Rebecca Henderson
985,Smith Scents East Sabrinafurt Market,Smith Scents Corp,Ethan Adams,Rebecca Henderson
986,Smith Scents South Kristenstad Plaza,Smith Scents Corp,Connie Lawrence,Anthony Rodriguez
987,French Scents West Vincentchester Store,French Scents Corp,Ethan Adams,Rebecca Henderson
988,Watson Fragrance Suttonberg Shop,Watson Fragrance Corp,Ethan Adams,Rebecca Henderson
989,Smith Scents West Richardton Boutique,Smith Scents Corp,Ethan Adams,Rebecca Henderson
990,Smith Scents Kimberlyberg Gallery,Smith Scents Corp,Ethan Adams,Rebecca Henderson
991,Smith Scents West Laurenland Store,Smith Scents Corp,Ethan Adams,Rebecca Henderson
992,Smith Scents Lake Joseph Plaza,Smith Scents Corp,Connie Lawrence,Anthony Rodriguez
993,Smith Scents Tracyborough Gallery,Smith Scents Corp,Ethan Adams,Rebecca Henderson
994,Smith Scents New Brentton Boutique,Smith Scents Corp,Connie Lawrence,Anthony Rodriguez
995,Smith Scents Lake Aaron Outlet,Smith Scents Corp,Patty Perez,Nan
996,Patel Fragrance Bradyland Outlet,Patel Fragrance Corp,Ethan Adams,Rebecca Henderson
997,Smith Scents West Corychester Outlet,Smith Scents Corp,Ethan Adams,Rebecca Henderson
998,Smith Scents Katiechester Market,Smith Scents Corp,Ethan Adams,Rebecca Henderson
999,Walter Fragrance East Jeffery Outlet,Walter Fragrance Corp,Connie Lawrence,Anthony Rodriguez
1000,Graves Beauty Sabrinaport Boutique,Graves Beauty Corp,Ethan Adams,Rebecca Henderson
1001,Smith Scents Garciamouth Shop,Smith Scents Corp,Ethan Adams,Rebecca Henderson
1002,Smith Scents New Todd Corner,Smith Scents Corp,Ethan Adams,Rebecca Henderson
1003,Smith Scents Reginabury Corner,Smith Scents Corp,Ethan Adams,Rebecca Henderson
1004,Smith Scents Nicholasfurt Shop,Smith Scents Corp,Patty Perez,Nan
1005,Smith Scents Francisville Outlet,Smith Scents Corp,Ethan Adams,Rebecca Henderson
1006,Smith Scents East Stephanie Corner,Smith Scents Corp,Ethan Adams,Rebecca Henderson
1007,Walker Scents Lake Melvin Plaza,Walker Scents Holding,Ethan Adams,Rebecca Henderson
1008,Lyons Scents North Jeremyport Boutique,Lyons Scents Corp,Ethan Adams,Rebecca Henderson
1009,Smith Scents Jeffreyfurt Market,Smith Scents Corp,Ethan Adams,Rebecca Henderson
1010,Smith Scents New Cynthiamouth Boutique,Smith Scents Corp,Ethan Adams,Rebecca Henderson
1011,French Scents West Christopherberg Market,French Scents Corp,Ethan Adams,Rebecca Henderson
1012,Smith Scents Marcuschester Store,Smith Scents Corp,Connie Lawrence,Anthony Rodriguez
1013,Brown Scents Janetburgh Outlet,Brown Scents Group,Ethan Adams,Rebecca Henderson
1014,Blanchard Cosmetics Taylorfort Shop,Blanchard Cosmetics Holding,Ethan Adams,Rebecca Henderson
1015,Smith Scents New Mariatown Boutique,Smith Scents Corp,Patty Perez,Nan
1016,Smith Scents North Rita Boutique,Smith Scents Corp,Patty Perez,Nan
1017,Smith Scents North Christophermouth Shop,Smith Scents Corp,Patty Perez,Nan
1018,Jackson Cosmetics Brownhaven Store,Jackson Cosmetics Corp,Ethan Adams,Rebecca Henderson
1019,Ochoa Cosmetics Port Oliviabury Plaza,Ochoa Cosmetics Group,Lisa Hensley,Stephanie Ross
1020,Smith Scents Lake Ronald Boutique,Smith Scents Corp,Ethan Adams,Rebecca Henderson
1021,Smith Scents North Jenniferstad Outlet,Smith Scents Corp,Patty Perez,Nan
1022,Allen Cosmetics Port Judyborough Plaza,Allen Cosmetics Group,Ethan Adams,Rebecca Henderson
1023,Smith Scents Kevinville Outlet,Smith Scents Corp,Ethan Adams,Rebecca Henderson
1024,Smith Scents Johnview Corner,Smith Scents Corp,Patty Perez,Nan
1025,Smith Scents New Stephanie Shop,Smith Scents Corp,Connie Lawrence,Anthony Rodriguez
1026,Smith Scents Davidside Market,Smith Scents Corp,Connie Lawrence,Anthony Rodriguez
1027,Smith Scents Annaville Market,Smith Scents Corp,Connie Lawrence,Anthony Rodriguez
1028,Smith Scents Rochafurt Corner,Smith Scents Corp,Connie Lawrence,Anthony Rodriguez
1029,Smith Scents New Lisashire Plaza,Smith Scents Corp,Patty Perez,Nan
1030,Smith Scents East Jenna Boutique,Smith Scents Corp,Patty Perez,Nan
1031,Smith Scents Kaylaland Outlet,Smith Scents Corp,Patty Perez,Nan
1032,Smith Scents Lake Josephmouth Outlet,Smith Scents Corp,Patty Perez,Nan
1033,Smith Scents Langside Market,Smith Scents Corp,Patty Perez,Nan
1034,Smith Scents Shawnhaven Boutique,Smith Scents Corp,Patty Perez,Nan
1035,Smith Scents North Larry Gallery,Smith Scents Corp,Patty Perez,Nan
1036,Smith Scents Andrewborough Gallery,Smith Scents Corp,Ethan Adams,Rebecca Henderson
1037,Smith Scents Port Karenberg Gallery,Smith Scents Corp,Connie Lawrence,Anthony Rodriguez
1038,Smith Scents Davisville Store,Smith Scents Corp,Patty Perez,Nan
1039,Smith Scents Kaylastad Shop,Smith Scents Corp,Patty Perez,Nan
1040,Smith Scents North Annettefort Corner,Smith Scents Corp,Patty Perez,Nan
1041,Smith Scents New David Store,Smith Scents Corp,Connie Lawrence,Anthony Rodriguez
1042,Solomon Cosmetics West Patricia Shop,Solomon Cosmetics Holding,Carla Gray,Zachary Hicks
1043,King Cosmetics East Shawnville Plaza,King Cosmetics Holding,Brian Ramirez,Zachary Hicks
1044,Morris Parfum Byrdshire Gallery,Morris Parfum Group,Gina Moore,Zachary Hicks
1045,Morris Parfum Osborneton Store,Morris Parfum Group,Gina Moore,Zachary Hicks
1046,Morris Parfum Jenniferborough Boutique,Morris Parfum Group,Gina Moore,Zachary Hicks
1047,Nicholson Fragrance Adamshaven Plaza,Nicholson Fragrance Group,Connie Lawrence,Anthony Rodriguez
1048,Solomon Cosmetics Port Destiny Gallery,Solomon Cosmetics Holding,Lisa Hensley,Stephanie Ross
1049,Solomon Cosmetics Elizabethburgh Gallery,Solomon Cosmetics Holding,Lisa Hensley,Stephanie Ross
1050,Woods Fragrance Nicolefort Store,Woods Fragrance Holding,Lisa Jackson,Stephanie Ross
1051,Benjamin Fragrance Brentshire Outlet,Benjamin Fragrance Group,Brian Ramirez,Zachary Hicks
1052,Fitzgerald Scents Weeksfort Market,Fitzgerald Scents Group,Connie Lawrence,Anthony Rodriguez
1053,Nicholson Fragrance North Timothy Outlet,Nicholson Fragrance Group,Connie Lawrence,Anthony Rodriguez
1054,Horton Cosmetics Brettshire Gallery,Horton Cosmetics Holding,Allison Hill,Judy Baker
1055,Solomon Cosmetics Clarkview Boutique,Solomon Cosmetics Holding,Cristian Santos,Zachary Hicks
1056,Nicholson Fragrance Tracyland Plaza,Nicholson Fragrance Group,Connie Lawrence,Anthony Rodriguez
1057,Nicholson Fragrance South Jesusville Market,Nicholson Fragrance Group,Connie Lawrence,Anthony Rodriguez
1058,Nicholson Fragrance Nicoleshire Boutique,Nicholson Fragrance Group,Connie Lawrence,Anthony Rodriguez
1059,Taylor Scents New Juliaton Shop,Taylor Scents Corp,Dylan Miller,Stephanie Ross
1060,Weiss Parfum Benjaminburgh Market,Weiss Parfum Corp,Jamie Arnold,Zachary Hicks
1061,Simmons Cosmetics Brownport Market,Simmons Cosmetics Corp,Allison Hill,Judy Baker
1062,Nicholson Fragrance Port Emily Shop,Nicholson Fragrance Group,Connie Lawrence,Anthony Rodriguez
1063,Nicholson Fragrance New Kimberlyfurt Shop,Nicholson Fragrance Group,Connie Lawrence,Anthony Rodriguez
1064,Nicholson Fragrance North Lisashire Boutique,Nicholson Fragrance Group,Connie Lawrence,Anthony Rodriguez
1065,Nicholson Fragrance East Melanieborough Store,Nicholson Fragrance Group,Connie Lawrence,Anthony Rodriguez
1066,Nicholson Fragrance North Jeremy Shop,Nicholson Fragrance Group,Connie Lawrence,Anthony Rodriguez
1067,Nicholson Fragrance New Eugeneview Boutique,Nicholson Fragrance Group,Connie Lawrence,Anthony Rodriguez
1068,Nicholson Fragrance Murphyport Market,Nicholson Fragrance Group,Connie Lawrence,Anthony Rodriguez
1069,Nicholson Fragrance South Laurie Shop,Nicholson Fragrance Group,Connie Lawrence,Anthony Rodriguez
1070,Nicholson Fragrance South Jennifer Boutique,Nicholson Fragrance Group,Connie Lawrence,Anthony Rodriguez
1071,Nicholson Fragrance Johnsonburgh Outlet,Nicholson Fragrance Group,Connie Lawrence,Anthony Rodriguez
1072,Nicholson Fragrance Montgomerystad Gallery,Nicholson Fragrance Group,Connie Lawrence,Anthony Rodriguez
1073,Nicholson Fragrance Port Anne Plaza,Nicholson Fragrance Group,Connie Lawrence,Anthony Rodriguez
1074,Nicholson Fragrance Stricklandshire Shop,Nicholson Fragrance Group,Connie Lawrence,Anthony Rodriguez
1075,Nicholson Fragrance New Sheila Corner,Nicholson Fragrance Group,Connie Lawrence,Anthony Rodriguez
1076,Nicholson Fragrance Johnhaven Market,Nicholson Fragrance Group,Connie Lawrence,Anthony Rodriguez
1077,Nicholson Fragrance Stephanieview Market,Nicholson Fragrance Group,Connie Lawrence,Anthony Rodriguez
1078,Nicholson Fragrance Browningmouth Outlet,Nicholson Fragrance Group,Connie Lawrence,Anthony Rodriguez
1079,Nicholson Fragrance Summersland Plaza,Nicholson Fragrance Group,Connie Lawrence,Anthony Rodriguez
1080,Nicholson Fragrance Port April Outlet,Nicholson Fragrance Group,Connie Lawrence,Anthony Rodriguez
1081,Nicholson Fragrance Cherylburgh Outlet,Nicholson Fragrance Group,Connie Lawrence,Anthony Rodriguez
1082,Nicholson Fragrance Ryanmouth Boutique,Nicholson Fragrance Group,Connie Lawrence,Anthony Rodriguez
1083,Nicholson Fragrance Charlesland Shop,Nicholson Fragrance Group,Connie Lawrence,Anthony Rodriguez
1084,Nicholson Fragrance Williamstad Corner,Nicholson Fragrance Group,Connie Lawrence,Anthony Rodriguez
1085,Nicholson Fragrance South Johnfort Plaza,Nicholson Fragrance Group,Connie Lawrence,Anthony Rodriguez
1086,Nicholson Fragrance Port Vickiemouth Store,Nicholson Fragrance Group,Connie Lawrence,Anthony Rodriguez
1087,Nicholson Fragrance Mcdonaldside Corner,Nicholson Fragrance Group,Connie Lawrence,Anthony Rodriguez
1088,Nicholson Fragrance Glennfort Outlet,Nicholson Fragrance Group,Connie Lawrence,Anthony Rodriguez
1089,Nicholson Fragrance Cantustad Market,Nicholson Fragrance Group,Connie Lawrence,Anthony Rodriguez
1090,Nicholson Fragrance Bobbyhaven Store,Nicholson Fragrance Group,Connie Lawrence,Anthony Rodriguez
1091,Nicholson Fragrance North Angelaland Market,Nicholson Fragrance Group,Connie Lawrence,Anthony Rodriguez
1092,Nicholson Fragrance Port Brian Plaza,Nicholson Fragrance Group,Connie Lawrence,Anthony Rodriguez
1093,Nicholson Fragrance Maybury Plaza,Nicholson Fragrance Group,Connie Lawrence,Anthony Rodriguez
1094,Nicholson Fragrance Lake Cynthiaton Boutique,Nicholson Fragrance Group,Connie Lawrence,Anthony Rodriguez
1095,Nicholson Fragrance Lake Kari Market,Nicholson Fragrance Group,Connie Lawrence,Anthony Rodriguez
1096,Nicholson Fragrance West Peggyfurt Market,Nicholson Fragrance Group,Connie Lawrence,Anthony Rodriguez
1097,Nicholson Fragrance Rodneybury Store,Nicholson Fragrance Group,Connie Lawrence,Anthony Rodriguez
1098,Nicholson Fragrance Joshuashire Plaza,Nicholson Fragrance Group,Connie Lawrence,Anthony Rodriguez
1099,Nicholson Fragrance Port Paulfurt Market,Nicholson Fragrance Group,Connie Lawrence,Anthony Rodriguez
1100,Nicholson Fragrance North Jennifer Outlet,Nicholson Fragrance Group,Connie Lawrence,Anthony Rodriguez
1101,Nicholson Fragrance Woodport Plaza,Nicholson Fragrance Group,Connie Lawrence,Anthony Rodriguez
1102,Nicholson Fragrance East Charlesside Shop,Nicholson Fragrance Group,Connie Lawrence,Anthony Rodriguez
1103,Nicholson Fragrance South Seanchester Store,Nicholson Fragrance Group,Connie Lawrence,Anthony Rodriguez
1104,Nicholson Fragrance Pierceburgh Corner,Nicholson Fragrance Group,Connie Lawrence,Anthony Rodriguez
1105,Nicholson Fragrance Katiemouth Store,Nicholson Fragrance Group,Connie Lawrence,Anthony Rodriguez
1106,Nicholson Fragrance Port Michelle Plaza,Nicholson Fragrance Group,Connie Lawrence,Anthony Rodriguez
1107,Nicholson Fragrance Jenniferview Shop,Nicholson Fragrance Group,Connie Lawrence,Anthony Rodriguez
1108,Nicholson Fragrance Manuelton Boutique,Nicholson Fragrance Group,Connie Lawrence,Anthony Rodriguez
1109,Nicholson Fragrance Brendabury Shop,Nicholson Fragrance Group,Connie Lawrence,Anthony Rodriguez
1110,Nicholson Fragrance East Emilyside Shop,Nicholson Fragrance Group,Connie Lawrence,Anthony Rodriguez
1111,Nicholson Fragrance East Julie Outlet,Nicholson Fragrance Group,Connie Lawrence,Anthony Rodriguez
1112,Nicholson Fragrance North Kennethmouth Corner,Nicholson Fragrance Group,Connie Lawrence,Anthony Rodriguez
1113,Nicholson Fragrance Petershaven Corner,Nicholson Fragrance Group,Connie Lawrence,Anthony Rodriguez
1114,Nicholson Fragrance Lynnland Shop,Nicholson Fragrance Group,Connie Lawrence,Anthony Rodriguez
1115,Nicholson Fragrance Julieside Boutique,Nicholson Fragrance Group,Connie Lawrence,Anthony Rodriguez
1116,Nicholson Fragrance Garrettborough Plaza,Nicholson Fragrance Group,Connie Lawrence,Anthony Rodriguez
1117,Nicholson Fragrance Benjaminview Corner,Nicholson Fragrance Group,Connie Lawrence,Anthony Rodriguez
1118,Nicholson Fragrance Xavierberg Store,Nicholson Fragrance Group,Connie Lawrence,Anthony Rodriguez
1119,Nicholson Fragrance Robertberg Corner,Nicholson Fragrance Group,Connie Lawrence,Anthony Rodriguez
1120,Nicholson Fragrance East Daniel Market,Nicholson Fragrance Group,Connie Lawrence,Anthony Rodriguez
1121,Nicholson Fragrance Lake Kristin Boutique,Nicholson Fragrance Group,Connie Lawrence,Anthony Rodriguez
1122,Nicholson Fragrance Lake Samanthabury Gallery,Nicholson Fragrance Group,Connie Lawrence,Anthony Rodriguez
1123,Nicholson Fragrance Sylviabury Plaza,Nicholson Fragrance Group,Connie Lawrence,Anthony Rodriguez
1124,Nicholson Fragrance East Carolmouth Shop,Nicholson Fragrance Group,Connie Lawrence,Anthony Rodriguez
1125,Nicholson Fragrance Scottfort Boutique,Nicholson Fragrance Group,Connie Lawrence,Anthony Rodriguez
1126,Nicholson Fragrance Weberside Shop,Nicholson Fragrance Group,Connie Lawrence,Anthony Rodriguez
1127,Nicholson Fragrance West Heather Boutique,Nicholson Fragrance Group,Connie Lawrence,Anthony Rodriguez
1128,Nicholson Fragrance Leechester Shop,Nicholson Fragrance Group,Connie Lawrence,Anthony Rodriguez
1129,Nicholson Fragrance Chadmouth Corner,Nicholson Fragrance Group,Connie Lawrence,Anthony Rodriguez
1130,Nicholson Fragrance Angelatown Plaza,Nicholson Fragrance Group,Connie Lawrence,Anthony Rodriguez
1131,Nicholson Fragrance Katieville Market,Nicholson Fragrance Group,Connie Lawrence,Anthony Rodriguez
1132,Nicholson Fragrance East Jennifermouth Store,Nicholson Fragrance Group,Connie Lawrence,Anthony Rodriguez
1133,Nicholson Fragrance East Angelaville Gallery,Nicholson Fragrance Group,Connie Lawrence,Anthony Rodriguez
1134,Nicholson Fragrance Trevinohaven Outlet,Nicholson Fragrance Group,Connie Lawrence,Anthony Rodriguez
1135,Nicholson Fragrance Juliaside Plaza,Nicholson Fragrance Group,Connie Lawrence,Anthony Rodriguez
1136,Nicholson Fragrance Harrisonstad Gallery,Nicholson Fragrance Group,Connie Lawrence,Anthony Rodriguez
1137,Nicholson Fragrance North Harry Store,Nicholson Fragrance Group,Connie Lawrence,Anthony Rodriguez
1138,Nicholson Fragrance New Stephen Shop,Nicholson Fragrance Group,Connie Lawrence,Anthony Rodriguez
1139,Nicholson Fragrance South Ashleyville Shop,Nicholson Fragrance Group,Connie Lawrence,Anthony Rodriguez
1140,Nicholson Fragrance Port Melissafurt Store,Nicholson Fragrance Group,Connie Lawrence,Anthony Rodriguez
1141,Nicholson Fragrance Hansentown Corner,Nicholson Fragrance Group,Connie Lawrence,Anthony Rodriguez
1142,Nicholson Fragrance West Jeffery Store,Nicholson Fragrance Group,Connie Lawrence,Anthony Rodriguez
1143,Nicholson Fragrance Changport Outlet,Nicholson Fragrance Group,Connie Lawrence,Anthony Rodriguez
1144,Nicholson Fragrance Ronaldport Plaza,Nicholson Fragrance Group,Connie Lawrence,Anthony Rodriguez
1145,Nicholson Fragrance Stephenville Gallery,Nicholson Fragrance Group,Connie Lawrence,Anthony Rodriguez
1146,Nicholson Fragrance Whitestad Gallery,Nicholson Fragrance Group,Connie Lawrence,Anthony Rodriguez
1147,Nicholson Fragrance Heatherhaven Shop,Nicholson Fragrance Group,Connie Lawrence,Anthony Rodriguez
1148,Nicholson Fragrance East Rachel Gallery,Nicholson Fragrance Group,Connie Lawrence,Anthony Rodriguez
1149,Nicholson Fragrance Lake Darintown Corner,Nicholson Fragrance Group,Connie Lawrence,Anthony Rodriguez
1150,Nicholson Fragrance Fredview Boutique,Nicholson Fragrance Group,Connie Lawrence,Anthony Rodriguez
1151,Nicholson Fragrance West Alec Boutique,Nicholson Fragrance Group,Connie Lawrence,Anthony Rodriguez
1152,Nicholson Fragrance Port Tiffanychester Gallery,Nicholson Fragrance Group,Connie Lawrence,Anthony Rodriguez
1153,Nicholson Fragrance Robertville Corner,Nicholson Fragrance Group,Connie Lawrence,Anthony Rodriguez
1154,Nicholson Fragrance Michaelfurt Market,Nicholson Fragrance Group,Connie Lawrence,Anthony Rodriguez
1155,Nicholson Fragrance Port Robert Market,Nicholson Fragrance Group,Connie Lawrence,Anthony Rodriguez
1156,Nicholson Fragrance Garrettstad Store,Nicholson Fragrance Group,Connie Lawrence,Anthony Rodriguez
1157,Nicholson Fragrance East Faithchester Market,Nicholson Fragrance Group,Connie Lawrence,Anthony Rodriguez
1158,Nicholson Fragrance North Nancy Boutique,Nicholson Fragrance Group,Connie Lawrence,Anthony Rodriguez
1159,Nicholson Fragrance South Thomas Corner,Nicholson Fragrance Group,Connie Lawrence,Anthony Rodriguez
1160,Nicholson Fragrance East Robertstad Shop,Nicholson Fragrance Group,Connie Lawrence,Anthony Rodriguez
1161,Nicholson Fragrance North Maria Outlet,Nicholson Fragrance Group,Connie Lawrence,Anthony Rodriguez
1162,Nicholson Fragrance Kathleentown Plaza,Nicholson Fragrance Group,Connie Lawrence,Anthony Rodriguez
1163,Nicholson Fragrance North Susan Market,Nicholson Fragrance Group,Connie Lawrence,Anthony Rodriguez
1164,Nicholson Fragrance South Jenniferberg Plaza,Nicholson Fragrance Group,Connie Lawrence,Anthony Rodriguez
1165,Nicholson Fragrance Vasquezburgh Market,Nicholson Fragrance Group,Connie Lawrence,Anthony Rodriguez
1166,Nicholson Fragrance Kirbyfort Outlet,Nicholson Fragrance Group,Connie Lawrence,Anthony Rodriguez
1167,Nicholson Fragrance Phillipschester Shop,Nicholson Fragrance Group,Connie Lawrence,Anthony Rodriguez
1168,Nicholson Fragrance Meganland Store,Nicholson Fragrance Group,Connie Lawrence,Anthony Rodriguez
1169,Nicholson Fragrance Amyside Market,Nicholson Fragrance Group,Connie Lawrence,Anthony Rodriguez
1170,Nicholson Fragrance Gutierreztown Gallery,Nicholson Fragrance Group,Connie Lawrence,Anthony Rodriguez
1171,Nicholson Fragrance Austinside Plaza,Nicholson Fragrance Group,Connie Lawrence,Anthony Rodriguez
1172,Nicholson Fragrance Campbellton Boutique,Nicholson Fragrance Group,Connie Lawrence,Anthony Rodriguez
1173,Nicholson Fragrance Jacksonton Boutique,Nicholson Fragrance Group,Connie Lawrence,Anthony Rodriguez
1174,Nicholson Fragrance Gonzalezstad Market,Nicholson Fragrance Group,Connie Lawrence,Anthony Rodriguez
1175,Nicholson Fragrance Floydchester Market,Nicholson Fragrance Group,Connie Lawrence,Anthony Rodriguez
1176,Nicholson Fragrance East Ryan Market,Nicholson Fragrance Group,Connie Lawrence,Anthony Rodriguez
1177,Nicholson Fragrance East Amberfort Plaza,Nicholson Fragrance Group,Connie Lawrence,Anthony Rodriguez
1178,Nicholson Fragrance New Patrick Shop,Nicholson Fragrance Group,Connie Lawrence,Anthony Rodriguez
1179,Nicholson Fragrance Brandtstad Plaza,Nicholson Fragrance Group,Connie Lawrence,Anthony Rodriguez
1180,Nicholson Fragrance Odonnellville Market,Nicholson Fragrance Group,Connie Lawrence,Anthony Rodriguez
1181,Nicholson Fragrance New Kevinland Shop,Nicholson Fragrance Group,Connie Lawrence,Anthony Rodriguez
1182,Nicholson Fragrance Sabrinaport Shop,Nicholson Fragrance Group,Connie Lawrence,Anthony Rodriguez
1183,Nicholson Fragrance New Justin Corner,Nicholson Fragrance Group,Connie Lawrence,Anthony Rodriguez
1184,Nicholson Fragrance Lake Hannahville Outlet,Nicholson Fragrance Group,Connie Lawrence,Anthony Rodriguez
1185,Nicholson Fragrance North Brian Market,Nicholson Fragrance Group,Connie Lawrence,Anthony Rodriguez
1186,Nicholson Fragrance Greenfurt Store,Nicholson Fragrance Group,Connie Lawrence,Anthony Rodriguez
1187,Nicholson Fragrance West Josephstad Corner,Nicholson Fragrance Group,Connie Lawrence,Anthony Rodriguez
1188,Nicholson Fragrance Steventon Store,Nicholson Fragrance Group,Connie Lawrence,Anthony Rodriguez
1189,Nicholson Fragrance Josephland Plaza,Nicholson Fragrance Group,Connie Lawrence,Anthony Rodriguez
1190,Nicholson Fragrance Janiceville Shop,Nicholson Fragrance Group,Connie Lawrence,Anthony Rodriguez
1191,Nicholson Fragrance Christinefort Outlet,Nicholson Fragrance Group,Connie Lawrence,Anthony Rodriguez
1192,Nicholson Fragrance Andradechester Corner,Nicholson Fragrance Group,Connie Lawrence,Anthony Rodriguez
1193,Nicholson Fragrance North Ronaldborough Store,Nicholson Fragrance Group,Connie Lawrence,Anthony Rodriguez
1194,Nicholson Fragrance Derekburgh Gallery,Nicholson Fragrance Group,Connie Lawrence,Anthony Rodriguez
1195,Nicholson Fragrance Thomasburgh Store,Nicholson Fragrance Group,Connie Lawrence,Anthony Rodriguez
1196,Nicholson Fragrance Craigview Corner,Nicholson Fragrance Group,Connie Lawrence,Anthony Rodriguez
1197,Nicholson Fragrance Fordville Plaza,Nicholson Fragrance Group,Connie Lawrence,Anthony Rodriguez
1198,Nicholson Fragrance East Victoria Plaza,Nicholson Fragrance Group,Connie Lawrence,Anthony Rodriguez
1199,Nicholson Fragrance Bradmouth Corner,Nicholson Fragrance Group,Connie Lawrence,Anthony Rodriguez
1200,Nicholson Fragrance Port Timothy Market,Nicholson Fragrance Group,Connie Lawrence,Anthony Rodriguez
1201,Nicholson Fragrance South Codyfort Store,Nicholson Fragrance Group,Connie Lawrence,Anthony Rodriguez
1202,Nicholson Fragrance Penningtonstad Store,Nicholson Fragrance Group,Connie Lawrence,Anthony Rodriguez
1203,Nicholson Fragrance Zacharyland Boutique,Nicholson Fragrance Group,Connie Lawrence,Anthony Rodriguez
1204,Nicholson Fragrance West Jennifershire Shop,Nicholson Fragrance Group,Connie Lawrence,Anthony Rodriguez
1205,Nicholson Fragrance Richardhaven Gallery,Nicholson Fragrance Group,Connie Lawrence,Anthony Rodriguez
1206,Nicholson Fragrance Lake Ruthfurt Shop,Nicholson Fragrance Group,Connie Lawrence,Anthony Rodriguez
1207,Nicholson Fragrance Robinsonchester Corner,Nicholson Fragrance Group,Connie Lawrence,Anthony Rodriguez
1208,Nicholson Fragrance New Jacobhaven Corner,Nicholson Fragrance Group,Connie Lawrence,Anthony Rodriguez
1209,Nicholson Fragrance Johnsonport Gallery,Nicholson Fragrance Group,Connie Lawrence,Anthony Rodriguez
1210,Nicholson Fragrance Port Allisontown Gallery,Nicholson Fragrance Group,Connie Lawrence,Anthony Rodriguez
1211,Nicholson Fragrance South Pedro Shop,Nicholson Fragrance Group,Connie Lawrence,Anthony Rodriguez
1212,Nicholson Fragrance Mckenziestad Plaza,Nicholson Fragrance Group,Connie Lawrence,Anthony Rodriguez
1213,Nicholson Fragrance South Troymouth Market,Nicholson Fragrance Group,Connie Lawrence,Anthony Rodriguez
1214,Nicholson Fragrance Briannaport Plaza,Nicholson Fragrance Group,Connie Lawrence,Anthony Rodriguez
1215,Nicholson Fragrance West Victoriaside Outlet,Nicholson Fragrance Group,Connie Lawrence,Anthony Rodriguez
1216,Nicholson Fragrance West Laurashire Shop,Nicholson Fragrance Group,Connie Lawrence,Anthony Rodriguez
1217,Nicholson Fragrance Christopherville Corner,Nicholson Fragrance Group,Connie Lawrence,Anthony Rodriguez
1218,Nicholson Fragrance Lewisberg Gallery,Nicholson Fragrance Group,Connie Lawrence,Anthony Rodriguez
1219,Nicholson Fragrance New Marciamouth Shop,Nicholson Fragrance Group,Connie Lawrence,Anthony Rodriguez
1220,Nicholson Fragrance Lake Jacqueline Outlet,Nicholson Fragrance Group,Connie Lawrence,Anthony Rodriguez
1221,Nicholson Fragrance Port Allisonfurt Shop,Nicholson Fragrance Group,Lisa Jackson,Stephanie Ross
1222,Nicholson Fragrance West Thomasburgh Gallery,Nicholson Fragrance Group,Connie Lawrence,Anthony Rodriguez
1223,Jones Parfum Brownfurt Plaza,Jones Parfum Holding,Dylan Miller,Stephanie Ross
1224,Nicholson Fragrance Hillfort Outlet,Nicholson Fragrance Group,Connie Lawrence,Anthony Rodriguez
1225,Nicholson Fragrance Lake Joshuahaven Outlet,Nicholson Fragrance Group,Connie Lawrence,Anthony Rodriguez
1226,Nicholson Fragrance Powellton Boutique,Nicholson Fragrance Group,Connie Lawrence,Anthony Rodriguez
1227,Nicholson Fragrance Josetown Corner,Nicholson Fragrance Group,Connie Lawrence,Anthony Rodriguez
1228,Nicholson Fragrance Frenchland Plaza,Nicholson Fragrance Group,Connie Lawrence,Anthony Rodriguez
1229,Nicholson Fragrance Onealchester Shop,Nicholson Fragrance Group,Connie Lawrence,Anthony Rodriguez
1230,Nicholson Fragrance Williamschester Gallery,Nicholson Fragrance Group,Connie Lawrence,Anthony Rodriguez
1231,Nicholson Fragrance Lake Joshuafort Boutique,Nicholson Fragrance Group,Connie Lawrence,Anthony Rodriguez
1232,Nicholson Fragrance Victorialand Corner,Nicholson Fragrance Group,Connie Lawrence,Anthony Rodriguez
1233,Nicholson Fragrance New Kara Shop,Nicholson Fragrance Group,Connie Lawrence,Anthony Rodriguez
1234,Nicholson Fragrance New Elizabethland Corner,Nicholson Fragrance Group,Connie Lawrence,Anthony Rodriguez
1235,Nicholson Fragrance Hartmouth Market,Nicholson Fragrance Group,Connie Lawrence,Anthony Rodriguez
1236,Nicholson Fragrance Jeanetteberg Shop,Nicholson Fragrance Group,Connie Lawrence,Anthony Rodriguez
1237,Nicholson Fragrance Smithport Corner,Nicholson Fragrance Group,Connie Lawrence,Anthony Rodriguez
1238,Nicholson Fragrance Curtisville Plaza,Nicholson Fragrance Group,Connie Lawrence,Anthony Rodriguez
1239,Nicholson Fragrance Maxwellmouth Shop,Nicholson Fragrance Group,Connie Lawrence,Anthony Rodriguez
1240,Nicholson Fragrance East Danielleborough Shop,Nicholson Fragrance Group,Connie Lawrence,Anthony Rodriguez
1241,Nicholson Fragrance Derrickmouth Plaza,Nicholson Fragrance Group,Connie Lawrence,Anthony Rodriguez
1242,Nicholson Fragrance Port Richard Outlet,Nicholson Fragrance Group,Connie Lawrence,Anthony Rodriguez
1243,Nicholson Fragrance Port Cheryl Outlet,Nicholson Fragrance Group,Connie Lawrence,Anthony Rodriguez
1244,Nicholson Fragrance North Michelle Corner,Nicholson Fragrance Group,Connie Lawrence,Anthony Rodriguez
1245,Nicholson Fragrance Dayview Corner,Nicholson Fragrance Group,Connie Lawrence,Anthony Rodriguez
1246,Nicholson Fragrance Lake Anthony Boutique,Nicholson Fragrance Group,Connie Lawrence,Anthony Rodriguez
1247,Nicholson Fragrance Crystalside Outlet,Nicholson Fragrance Group,Connie Lawrence,Anthony Rodriguez
1248,Nicholson Fragrance Lake Matthewfort Boutique,Nicholson Fragrance Group,Connie Lawrence,Anthony Rodriguez
1249,Nicholson Fragrance West Patricia Plaza,Nicholson Fragrance Group,Connie Lawrence,Anthony Rodriguez
1250,Nicholson Fragrance Port Joshuafurt Corner,Nicholson Fragrance Group,Connie Lawrence,Anthony Rodriguez
1251,Nicholson Fragrance Port Ashley Corner,Nicholson Fragrance Group,Connie Lawrence,Anthony Rodriguez
1252,Nicholson Fragrance East Shannon Store,Nicholson Fragrance Group,Connie Lawrence,Anthony Rodriguez
1253,Nicholson Fragrance Mooreton Market,Nicholson Fragrance Group,Connie Lawrence,Anthony Rodriguez
1254,Nicholson Fragrance East Carolshire Gallery,Nicholson Fragrance Group,Connie Lawrence,Anthony Rodriguez
1255,Nicholson Fragrance Brianport Plaza,Nicholson Fragrance Group,Connie Lawrence,Anthony Rodriguez
1256,Nicholson Fragrance Morrisland Corner,Nicholson Fragrance Group,Connie Lawrence,Anthony Rodriguez
1257,Nicholson Fragrance Lake Douglasburgh Store,Nicholson Fragrance Group,Connie Lawrence,Anthony Rodriguez
1258,Nicholson Fragrance Banksland Corner,Nicholson Fragrance Group,Connie Lawrence,Anthony Rodriguez
1259,Nicholson Fragrance Allisonfort Market,Nicholson Fragrance Group,Connie Lawrence,Anthony Rodriguez
1260,Nicholson Fragrance Lake Kevinstad Gallery,Nicholson Fragrance Group,Connie Lawrence,Anthony Rodriguez
1261,Nicholson Fragrance Linshire Gallery,Nicholson Fragrance Group,Connie Lawrence,Anthony Rodriguez
1262,Nicholson Fragrance North Seanchester Outlet,Nicholson Fragrance Group,Connie Lawrence,Anthony Rodriguez
1263,Nicholson Fragrance Port Mistymouth Store,Nicholson Fragrance Group,Connie Lawrence,Anthony Rodriguez
1264,Nicholson Fragrance East Thomas Outlet,Nicholson Fragrance Group,Connie Lawrence,Anthony Rodriguez
1265,Nicholson Fragrance Hutchinsonview Gallery,Nicholson Fragrance Group,Connie Lawrence,Anthony Rodriguez
1266,Nicholson Fragrance Justinbury Boutique,Nicholson Fragrance Group,Connie Lawrence,Anthony Rodriguez
1267,Nicholson Fragrance South Jeffreyshire Boutique,Nicholson Fragrance Group,Connie Lawrence,Anthony Rodriguez
1268,Nicholson Fragrance Rebeccastad Boutique,Nicholson Fragrance Group,Connie Lawrence,Anthony Rodriguez
1269,Nicholson Fragrance Rebeccahaven Market,Nicholson Fragrance Group,Connie Lawrence,Anthony Rodriguez
1270,Nicholson Fragrance Smithhaven Market,Nicholson Fragrance Group,Connie Lawrence,Anthony Rodriguez
1271,Nicholson Fragrance South Anthony Shop,Nicholson Fragrance Group,Connie Lawrence,Anthony Rodriguez
1272,Nicholson Fragrance Randallfurt Store,Nicholson Fragrance Group,Connie Lawrence,Anthony Rodriguez
1273,Nicholson Fragrance Steeleview Outlet,Nicholson Fragrance Group,Connie Lawrence,Anthony Rodriguez
1274,Nicholson Fragrance Lewisside Corner,Nicholson Fragrance Group,Connie Lawrence,Anthony Rodriguez
1275,Nicholson Fragrance Washingtonbury Outlet,Nicholson Fragrance Group,Connie Lawrence,Anthony Rodriguez
1276,Nicholson Fragrance South Terri Gallery,Nicholson Fragrance Group,Lisa Hensley,Stephanie Ross
1277,Nicholson Fragrance New Victorborough Store,Nicholson Fragrance Group,Connie Lawrence,Anthony Rodriguez
1278,Nicholson Fragrance Port Elizabethchester Boutique,Nicholson Fragrance Group,Connie Lawrence,Anthony Rodriguez
1279,Nicholson Fragrance South Danielle Corner,Nicholson Fragrance Group,Connie Lawrence,Anthony Rodriguez
1280,Nicholson Fragrance New Kimberlyland Outlet,Nicholson Fragrance Group,Connie Lawrence,Anthony Rodriguez
1281,Nicholson Fragrance Dukebury Plaza,Nicholson Fragrance Group,Connie Lawrence,Anthony Rodriguez
1282,Nicholson Fragrance Justinhaven Gallery,Nicholson Fragrance Group,Connie Lawrence,Anthony Rodriguez
1283,Nicholson Fragrance Nicholshaven Boutique,Nicholson Fragrance Group,Connie Lawrence,Anthony Rodriguez
1284,Nicholson Fragrance Lake Eileenville Corner,Nicholson Fragrance Group,Connie Lawrence,Anthony Rodriguez
1285,Nicholson Fragrance Theresamouth Gallery,Nicholson Fragrance Group,Connie Lawrence,Anthony Rodriguez
1286,Nicholson Fragrance East Betty Market,Nicholson Fragrance Group,Connie Lawrence,Anthony Rodriguez
1287,Nicholson Fragrance Lake Jesseshire Boutique,Nicholson Fragrance Group,Connie Lawrence,Anthony Rodriguez
1288,Nicholson Fragrance New Dustin Corner,Nicholson Fragrance Group,Connie Lawrence,Anthony Rodriguez
1289,Nicholson Fragrance Robinsonmouth Corner,Nicholson Fragrance Group,Connie Lawrence,Anthony Rodriguez
1290,Powell Cosmetics Juliaburgh Outlet,Powell Cosmetics Holding,Connie Lawrence,Anthony Rodriguez
1291,Nicholson Fragrance Davidmouth Boutique,Nicholson Fragrance Group,Connie Lawrence,Anthony Rodriguez
1292,Nicholson Fragrance Lake Christopher Outlet,Nicholson Fragrance Group,Connie Lawrence,Anthony Rodriguez
1293,Nicholson Fragrance Danielhaven Shop,Nicholson Fragrance Group,Connie Lawrence,Anthony Rodriguez
1294,Nicholson Fragrance Hendersonshire Corner,Nicholson Fragrance Group,Connie Lawrence,Anthony Rodriguez
1295,Nicholson Fragrance Washingtonhaven Outlet,Nicholson Fragrance Group,Connie Lawrence,Anthony Rodriguez
1296,Nicholson Fragrance East Marissa Plaza,Nicholson Fragrance Group,Connie Lawrence,Anthony Rodriguez
1297,Nicholson Fragrance Ashleyfurt Market,Nicholson Fragrance Group,Connie Lawrence,Anthony Rodriguez
1298,Nicholson Fragrance Lake Carrie Boutique,Nicholson Fragrance Group,Connie Lawrence,Anthony Rodriguez
1299,Nicholson Fragrance Brentside Outlet,Nicholson Fragrance Group,Connie Lawrence,Anthony Rodriguez
1300,Nicholson Fragrance New Wendy Plaza,Nicholson Fragrance Group,Connie Lawrence,Anthony Rodriguez
1301,Nicholson Fragrance Cameronland Market,Nicholson Fragrance Group,Connie Lawrence,Anthony Rodriguez
1302,Nicholson Fragrance Pughbury Corner,Nicholson Fragrance Group,Connie Lawrence,Anthony Rodriguez
1303,Nicholson Fragrance Johnhaven Store,Nicholson Fragrance Group,Connie Lawrence,Anthony Rodriguez
1304,Nicholson Fragrance Banksview Store,Nicholson Fragrance Group,Connie Lawrence,Anthony Rodriguez
1305,Nicholson Fragrance Melvinhaven Gallery,Nicholson Fragrance Group,Connie Lawrence,Anthony Rodriguez
1306,Nicholson Fragrance Tranmouth Shop,Nicholson Fragrance Group,Connie Lawrence,Anthony Rodriguez
1307,Nicholson Fragrance Travischester Boutique,Nicholson Fragrance Group,Connie Lawrence,Anthony Rodriguez
1308,Nicholson Fragrance North Ray Gallery,Nicholson Fragrance Group,Connie Lawrence,Anthony Rodriguez
1309,Nicholson Fragrance South Tammyside Boutique,Nicholson Fragrance Group,Connie Lawrence,Anthony Rodriguez
1310,Nicholson Fragrance Bartonfurt Store,Nicholson Fragrance Group,Connie Lawrence,Anthony Rodriguez
1311,Nicholson Fragrance North Josephville Corner,Nicholson Fragrance Group,Connie Lawrence,Anthony Rodriguez
1312,Nicholson Fragrance Wellsfort Shop,Nicholson Fragrance Group,Connie Lawrence,Anthony Rodriguez
1313,Nicholson Fragrance Port Samuel Market,Nicholson Fragrance Group,Connie Lawrence,Anthony Rodriguez
1314,Nicholson Fragrance South Tiffany Plaza,Nicholson Fragrance Group,Connie Lawrence,Anthony Rodriguez
1315,Nicholson Fragrance South Russellside Boutique,Nicholson Fragrance Group,Connie Lawrence,Anthony Rodriguez
1316,Nicholson Fragrance Port Jason Market,Nicholson Fragrance Group,Connie Lawrence,Anthony Rodriguez
1317,Nicholson Fragrance Albertbury Store,Nicholson Fragrance Group,Connie Lawrence,Anthony Rodriguez
1318,Nicholson Fragrance New David Shop,Nicholson Fragrance Group,Connie Lawrence,Anthony Rodriguez
1319,Nicholson Fragrance South Richardside Market,Nicholson Fragrance Group,Connie Lawrence,Anthony Rodriguez
1320,Nicholson Fragrance East Allen Store,Nicholson Fragrance Group,Connie Lawrence,Anthony Rodriguez
1321,Nicholson Fragrance Jaymouth Gallery,Nicholson Fragrance Group,Connie Lawrence,Anthony Rodriguez
1322,Nicholson Fragrance Garnerberg Corner,Nicholson Fragrance Group,Connie Lawrence,Anthony Rodriguez
1323,Nicholson Fragrance Donaldbury Shop,Nicholson Fragrance Group,Connie Lawrence,Anthony Rodriguez
1324,Nicholson Fragrance East Gary Outlet,Nicholson Fragrance Group,Connie Lawrence,Anthony Rodriguez
1325,Nicholson Fragrance Caitlinside Corner,Nicholson Fragrance Group,Connie Lawrence,Anthony Rodriguez
1326,Nicholson Fragrance Brownton Plaza,Nicholson Fragrance Group,Connie Lawrence,Anthony Rodriguez
1327,Nicholson Fragrance Mccarthyport Shop,Nicholson Fragrance Group,Connie Lawrence,Anthony Rodriguez
1328,Nicholson Fragrance Christinaburgh Shop,Nicholson Fragrance Group,Connie Lawrence,Anthony Rodriguez
1329,Nicholson Fragrance Aguilarton Corner,Nicholson Fragrance Group,Connie Lawrence,Anthony Rodriguez
1330,Nicholson Fragrance Simsmouth Plaza,Nicholson Fragrance Group,Connie Lawrence,Anthony Rodriguez
1331,Nicholson Fragrance Sarahport Plaza,Nicholson Fragrance Group,Connie Lawrence,Anthony Rodriguez
1332,Nicholson Fragrance North Jenniferview Store,Nicholson Fragrance Group,Connie Lawrence,Anthony Rodriguez
1333,Nicholson Fragrance North Stephaniemouth Corner,Nicholson Fragrance Group,Connie Lawrence,Anthony Rodriguez
1334,Nicholson Fragrance East Brandon Plaza,Nicholson Fragrance Group,Connie Lawrence,Anthony Rodriguez
1335,Nicholson Fragrance New Prestonville Market,Nicholson Fragrance Group,Connie Lawrence,Anthony Rodriguez
1336,Nicholson Fragrance South Marcusstad Market,Nicholson Fragrance Group,Connie Lawrence,Anthony Rodriguez
1337,Nicholson Fragrance Rachelbury Gallery,Nicholson Fragrance Group,Connie Lawrence,Anthony Rodriguez
1338,Nicholson Fragrance South Jeffreyport Gallery,Nicholson Fragrance Group,Connie Lawrence,Anthony Rodriguez
1339,Nicholson Fragrance Kellyborough Shop,Nicholson Fragrance Group,Connie Lawrence,Anthony Rodriguez
1340,Nicholson Fragrance West Tonyatown Shop,Nicholson Fragrance Group,Connie Lawrence,Anthony Rodriguez
1341,Nicholson Fragrance Port Shawn Market,Nicholson Fragrance Group,Connie Lawrence,Anthony Rodriguez
1342,Nicholson Fragrance Lake Tiffany Corner,Nicholson Fragrance Group,Connie Lawrence,Anthony Rodriguez
1343,Nicholson Fragrance Pearsonfurt Corner,Nicholson Fragrance Group,Connie Lawrence,Anthony Rodriguez
1344,Nicholson Fragrance Brittanyshire Gallery,Nicholson Fragrance Group,Connie Lawrence,Anthony Rodriguez
1345,Nicholson Fragrance Blakefurt Corner,Nicholson Fragrance Group,Connie Lawrence,Anthony Rodriguez
1346,Nicholson Fragrance Silvaland Plaza,Nicholson Fragrance Group,Connie Lawrence,Anthony Rodriguez
1347,Nicholson Fragrance Berryville Corner,Nicholson Fragrance Group,Connie Lawrence,Anthony Rodriguez
1348,Nicholson Fragrance West Karentown Corner,Nicholson Fragrance Group,Connie Lawrence,Anthony Rodriguez
1349,Nicholson Fragrance Leslieland Gallery,Nicholson Fragrance Group,Connie Lawrence,Anthony Rodriguez
1350,Nicholson Fragrance Port Matthewville Shop,Nicholson Fragrance Group,Connie Lawrence,Anthony Rodriguez
1351,Nicholson Fragrance Julieborough Shop,Nicholson Fragrance Group,Connie Lawrence,Anthony Rodriguez
1352,Nicholson Fragrance North Mitchelltown Gallery,Nicholson Fragrance Group,Connie Lawrence,Anthony Rodriguez
1353,Nicholson Fragrance West Kelly Boutique,Nicholson Fragrance Group,Connie Lawrence,Anthony Rodriguez
1354,Nicholson Fragrance North Rachel Boutique,Nicholson Fragrance Group,Connie Lawrence,Anthony Rodriguez
1355,Nicholson Fragrance Marcusbury Plaza,Nicholson Fragrance Group,Connie Lawrence,Anthony Rodriguez
1356,Nicholson Fragrance New Johnhaven Corner,Nicholson Fragrance Group,Connie Lawrence,Anthony Rodriguez
1357,Nicholson Fragrance Freemanberg Store,Nicholson Fragrance Group,Connie Lawrence,Anthony Rodriguez
1358,Nicholson Fragrance Lake Oliviamouth Shop,Nicholson Fragrance Group,Connie Lawrence,Anthony Rodriguez
1359,Nicholson Fragrance Whitemouth Store,Nicholson Fragrance Group,Connie Lawrence,Anthony Rodriguez
1360,Nicholson Fragrance Port Heather Store,Nicholson Fragrance Group,Connie Lawrence,Anthony Rodriguez
1361,Nicholson Fragrance Port Gloria Store,Nicholson Fragrance Group,Connie Lawrence,Anthony Rodriguez
1362,Nicholson Fragrance East James Shop,Nicholson Fragrance Group,Connie Lawrence,Anthony Rodriguez
1363,Nicholson Fragrance South Davidfort Gallery,Nicholson Fragrance Group,Connie Lawrence,Anthony Rodriguez
1364,Nicholson Fragrance Port Michaelside Corner,Nicholson Fragrance Group,Connie Lawrence,Anthony Rodriguez
1365,Nicholson Fragrance Besthaven Outlet,Nicholson Fragrance Group,Connie Lawrence,Anthony Rodriguez
1366,Nicholson Fragrance East Daniel Outlet,Nicholson Fragrance Group,Connie Lawrence,Anthony Rodriguez
1367,Nicholson Fragrance Port Amanda Boutique,Nicholson Fragrance Group,Connie Lawrence,Anthony Rodriguez
1368,Nicholson Fragrance Raymondshire Outlet,Nicholson Fragrance Group,Connie Lawrence,Anthony Rodriguez
1369,Nicholson Fragrance Lake Robertland Shop,Nicholson Fragrance Group,Connie Lawrence,Anthony Rodriguez
1370,Nicholson Fragrance Port Matthewberg Boutique,Nicholson Fragrance Group,Connie Lawrence,Anthony Rodriguez
1371,Nicholson Fragrance Lake Nicholaschester Corner,Nicholson Fragrance Group,Connie Lawrence,Anthony Rodriguez
1372,Nicholson Fragrance New Sheena Corner,Nicholson Fragrance Group,Connie Lawrence,Anthony Rodriguez
1373,Nicholson Fragrance Chadshire Boutique,Nicholson Fragrance Group,Connie Lawrence,Anthony Rodriguez
1374,Nicholson Fragrance West Josephside Outlet,Nicholson Fragrance Group,Connie Lawrence,Anthony Rodriguez
1375,Nicholson Fragrance Lake Richard Store,Nicholson Fragrance Group,Connie Lawrence,Anthony Rodriguez
1376,Nicholson Fragrance East Lorimouth Corner,Nicholson Fragrance Group,Connie Lawrence,Anthony Rodriguez
1377,Nicholson Fragrance Jonesberg Corner,Nicholson Fragrance Group,Connie Lawrence,Anthony Rodriguez
1378,Nicholson Fragrance Port Brooke Market,Nicholson Fragrance Group,Connie Lawrence,Anthony Rodriguez
1379,Nicholson Fragrance Bartlettville Store,Nicholson Fragrance Group,Connie Lawrence,Anthony Rodriguez
1380,Nicholson Fragrance Gregoryton Outlet,Nicholson Fragrance Group,Connie Lawrence,Anthony Rodriguez
1381,Nicholson Fragrance West Jamie Plaza,Nicholson Fragrance Group,Connie Lawrence,Anthony Rodriguez
1382,Nicholson Fragrance New Ashlee Shop,Nicholson Fragrance Group,Connie Lawrence,Anthony Rodriguez
1383,Durham Beauty Hallport Boutique,Durham Beauty Group,Noah Rhodes,Justin Baker
1384,Durham Beauty North Greggland Gallery,Durham Beauty Group,Noah Rhodes,Justin Baker
1385,Nicholson Fragrance New Zacharyberg Gallery,Nicholson Fragrance Group,Connie Lawrence,Anthony Rodriguez
1386,Nicholson Fragrance Lake David Gallery,Nicholson Fragrance Group,Connie Lawrence,Anthony Rodriguez
1387,Nicholson Fragrance Jonesside Plaza,Nicholson Fragrance Group,Connie Lawrence,Anthony Rodriguez
1388,Nicholson Fragrance Danielport Plaza,Nicholson Fragrance Group,Connie Lawrence,Anthony Rodriguez
1389,Nicholson Fragrance North Leslieberg Market,Nicholson Fragrance Group,Connie Lawrence,Anthony Rodriguez
1390,Nicholson Fragrance Jacobhaven Shop,Nicholson Fragrance Group,Connie Lawrence,Anthony Rodriguez
1391,Nicholson Fragrance Amandamouth Market,Nicholson Fragrance Group,Connie Lawrence,Anthony Rodriguez
1392,Nicholson Fragrance South Kristenstad Outlet,Nicholson Fragrance Group,Connie Lawrence,Anthony Rodriguez
1393,Nicholson Fragrance Sarahfurt Plaza,Nicholson Fragrance Group,Connie Lawrence,Anthony Rodriguez
1394,Nicholson Fragrance Chelseaborough Market,Nicholson Fragrance Group,Connie Lawrence,Anthony Rodriguez
1395,Nicholson Fragrance Shelbychester Market,Nicholson Fragrance Group,Connie Lawrence,Anthony Rodriguez
1396,Nicholson Fragrance Stephaniemouth Gallery,Nicholson Fragrance Group,Connie Lawrence,Anthony Rodriguez
1397,Nicholson Fragrance Coopermouth Plaza,Nicholson Fragrance Group,Connie Lawrence,Anthony Rodriguez
1398,Nicholson Fragrance Reynoldsport Shop,Nicholson Fragrance Group,Connie Lawrence,Anthony Rodriguez
1399,Nicholson Fragrance Jonesview Store,Nicholson Fragrance Group,Connie Lawrence,Anthony Rodriguez
1400,Nicholson Fragrance Bennettside Shop,Nicholson Fragrance Group,Connie Lawrence,Anthony Rodriguez
1401,Nicholson Fragrance Hayesburgh Corner,Nicholson Fragrance Group,Connie Lawrence,Anthony Rodriguez
1402,Nicholson Fragrance Jenniferport Shop,Nicholson Fragrance Group,Connie Lawrence,Anthony Rodriguez
1403,Nicholson Fragrance Allenland Corner,Nicholson Fragrance Group,Connie Lawrence,Anthony Rodriguez
1404,Nicholson Fragrance New Davidberg Gallery,Nicholson Fragrance Group,Connie Lawrence,Anthony Rodriguez
1405,Nicholson Fragrance New Diana Outlet,Nicholson Fragrance Group,Connie Lawrence,Anthony Rodriguez
1406,Nicholson Fragrance Lake Jamie Boutique,Nicholson Fragrance Group,Connie Lawrence,Anthony Rodriguez
1407,Nicholson Fragrance Lake Jamesbury Shop 725,Nicholson Fragrance Group,Connie Lawrence,Anthony Rodriguez
1408,Nicholson Fragrance East Tommyfurt Boutique,Nicholson Fragrance Group,Connie Lawrence,Anthony Rodriguez
1409,Nicholson Fragrance West Terrihaven Shop,Nicholson Fragrance Group,Connie Lawrence,Anthony Rodriguez
1410,Nicholson Fragrance South Christian Outlet,Nicholson Fragrance Group,Connie Lawrence,Anthony Rodriguez
1411,Nicholson Fragrance Cartermouth Boutique,Nicholson Fragrance Group,Connie Lawrence,Anthony Rodriguez
1412,Nicholson Fragrance Jonesbury Shop,Nicholson Fragrance Group,Connie Lawrence,Anthony Rodriguez
1413,Nicholson Fragrance Shawberg Outlet,Nicholson Fragrance Group,Connie Lawrence,Anthony Rodriguez
1414,Nicholson Fragrance Wolfeville Shop,Nicholson Fragrance Group,Connie Lawrence,Anthony Rodriguez
1415,Nicholson Fragrance Jeffreystad Store,Nicholson Fragrance Group,Connie Lawrence,Anthony Rodriguez
1416,Nicholson Fragrance Brownshire Gallery,Nicholson Fragrance Group,Connie Lawrence,Anthony Rodriguez
1417,Nicholson Fragrance Crystalbury Boutique,Nicholson Fragrance Group,Connie Lawrence,Anthony Rodriguez
1418,Nicholson Fragrance New Hector Store,Nicholson Fragrance Group,Connie Lawrence,Anthony Rodriguez
1419,Nicholson Fragrance Lake Gregoryton Plaza,Nicholson Fragrance Group,Connie Lawrence,Anthony Rodriguez
1420,Nicholson Fragrance East Allisonmouth Store,Nicholson Fragrance Group,Connie Lawrence,Anthony Rodriguez
1421,Nicholson Fragrance Joseport Boutique,Nicholson Fragrance Group,Connie Lawrence,Anthony Rodriguez
1422,Nicholson Fragrance Lake Shannonberg Outlet,Nicholson Fragrance Group,Connie Lawrence,Anthony Rodriguez
1423,Nicholson Fragrance West Gary Plaza,Nicholson Fragrance Group,Connie Lawrence,Anthony Rodriguez
1424,Nicholson Fragrance North Teresaside Gallery,Nicholson Fragrance Group,Connie Lawrence,Anthony Rodriguez
1425,Nicholson Fragrance Port Natalie Market,Nicholson Fragrance Group,Connie Lawrence,Anthony Rodriguez
1426,Nicholson Fragrance Julieside Shop,Nicholson Fragrance Group,Connie Lawrence,Anthony Rodriguez
1427,Young Fragrance East Rebekahborough Outlet,Young Fragrance Holding,Connie Lawrence,Anthony Rodriguez
1428,Nicholson Fragrance West Scott Market,Nicholson Fragrance Group,Connie Lawrence,Anthony Rodriguez
1429,Perez Parfum Williamchester Corner,Perez Parfum Group,Gina Moore,Zachary Hicks
1430,Nicholson Fragrance West Kathrynburgh Store,Nicholson Fragrance Group,Connie Lawrence,Anthony Rodriguez
1431,Nicholson Fragrance Juliaberg Shop,Nicholson Fragrance Group,Connie Lawrence,Anthony Rodriguez
1432,Nicholson Fragrance Samanthamouth Market,Nicholson Fragrance Group,Connie Lawrence,Anthony Rodriguez
1433,Nicholson Fragrance New Aaronside Plaza,Nicholson Fragrance Group,Connie Lawrence,Anthony Rodriguez
1434,Nicholson Fragrance Lynnport Boutique,Nicholson Fragrance Group,Connie Lawrence,Anthony Rodriguez
1435,Nicholson Fragrance Bethton Market,Nicholson Fragrance Group,Connie Lawrence,Anthony Rodriguez
1436,Nicholson Fragrance Macktown Shop,Nicholson Fragrance Group,Connie Lawrence,Anthony Rodriguez
1437,Nicholson Fragrance North Jonathanberg Shop,Nicholson Fragrance Group,Connie Lawrence,Anthony Rodriguez
1438,Nicholson Fragrance West Sandrashire Corner,Nicholson Fragrance Group,Connie Lawrence,Anthony Rodriguez
1439,Nicholson Fragrance Mcclurehaven Market,Nicholson Fragrance Group,Connie Lawrence,Anthony Rodriguez
1440,Nicholson Fragrance Tinaburgh Market,Nicholson Fragrance Group,Connie Lawrence,Anthony Rodriguez
1441,Nicholson Fragrance Jeffreyberg Corner,Nicholson Fragrance Group,Connie Lawrence,Anthony Rodriguez
1442,Nicholson Fragrance Robinsonville Gallery,Nicholson Fragrance Group,Connie Lawrence,Anthony Rodriguez
1443,Nicholson Fragrance West Marie Corner,Nicholson Fragrance Group,Connie Lawrence,Anthony Rodriguez
1444,Nicholson Fragrance Port Katherineborough Gallery,Nicholson Fragrance Group,Connie Lawrence,Anthony Rodriguez
1445,Nicholson Fragrance North Melissatown Market,Nicholson Fragrance Group,Connie Lawrence,Anthony Rodriguez
1446,Nicholson Fragrance Rodriguezton Shop,Nicholson Fragrance Group,Connie Lawrence,Anthony Rodriguez
1447,Nicholson Fragrance Obrienland Plaza,Nicholson Fragrance Group,Connie Lawrence,Anthony Rodriguez
1448,Nicholson Fragrance Port Gabrielle Shop,Nicholson Fragrance Group,Connie Lawrence,Anthony Rodriguez
1449,Nicholson Fragrance Liville Store,Nicholson Fragrance Group,Connie Lawrence,Anthony Rodriguez
1450,Nicholson Fragrance Ryantown Corner,Nicholson Fragrance Group,Connie Lawrence,Anthony Rodriguez
1451,Nicholson Fragrance South Joshuamouth Shop,Nicholson Fragrance Group,Connie Lawrence,Anthony Rodriguez
1452,Nicholson Fragrance Reedville Boutique,Nicholson Fragrance Group,Connie Lawrence,Anthony Rodriguez
1453,Nicholson Fragrance Whiteborough Market,Nicholson Fragrance Group,Connie Lawrence,Anthony Rodriguez
1454,Nicholson Fragrance Webbville Plaza,Nicholson Fragrance Group,Connie Lawrence,Anthony Rodriguez
1455,Nicholson Fragrance Donaldberg Outlet,Nicholson Fragrance Group,Connie Lawrence,Anthony Rodriguez
1456,Nicholson Fragrance East Elizabeth Boutique,Nicholson Fragrance Group,Connie Lawrence,Anthony Rodriguez
1457,Nicholson Fragrance Hullberg Plaza,Nicholson Fragrance Group,Connie Lawrence,Anthony Rodriguez
1458,Perez Parfum Ramirezfurt Store,Perez Parfum Group,Gina Moore,Zachary Hicks
1459,Nicholson Fragrance North Melissaville Shop,Nicholson Fragrance Group,Connie Lawrence,Anthony Rodriguez
1460,Walter Scents South Zachary Market,Walter Scents Group,Lisa Hensley,Stephanie Ross
1461,Nicholson Fragrance Stoutside Boutique,Nicholson Fragrance Group,Connie Lawrence,Anthony Rodriguez
1462,Nicholson Fragrance Hectorborough Market,Nicholson Fragrance Group,Connie Lawrence,Anthony Rodriguez
1463,Nicholson Fragrance Davisside Shop,Nicholson Fragrance Group,Connie Lawrence,Anthony Rodriguez
1464,Montgomery Parfum West Gary Boutique,Montgomery Parfum Group,Margaret Hawkins Dds,Stephanie Ross
1465,Nicholson Fragrance Perkinsborough Market,Nicholson Fragrance Group,Connie Lawrence,Anthony Rodriguez
1466,Nicholson Fragrance New Sarahberg Outlet,Nicholson Fragrance Group,Connie Lawrence,Anthony Rodriguez
1467,Taylor Parfum South Keith Outlet,Taylor Parfum Group,Jamie Arnold,Zachary Hicks
1468,Reed Cosmetics Port Markberg Market,Reed Cosmetics Corp,Lisa Hensley,Stephanie Ross
1469,Hoffman Scents West Ashleyberg Outlet,Hoffman Scents Holding,Connie Lawrence,Anthony Rodriguez
1470,Nicholson Fragrance Susanfort Shop,Nicholson Fragrance Group,Connie Lawrence,Anthony Rodriguez
1471,Nicholson Fragrance New Nathanfort Store,Nicholson Fragrance Group,Connie Lawrence,Anthony Rodriguez
1472,Macias Parfum Port Michaelhaven Corner,Macias Parfum Holding,Connie Lawrence,Anthony Rodriguez
1473,Nicholson Fragrance North Stevenhaven Shop,Nicholson Fragrance Group,Connie Lawrence,Anthony Rodriguez
1474,Nicholson Fragrance Curtisside Shop,Nicholson Fragrance Group,Connie Lawrence,Anthony Rodriguez
1475,Moore Cosmetics Lake James Shop,Moore Cosmetics Group,Connie Lawrence,Anthony Rodriguez
1476,Nicholson Fragrance Jeffreytown Outlet,Nicholson Fragrance Group,Connie Lawrence,Anthony Rodriguez
1477,Nicholson Fragrance Port Brittanyview Plaza,Nicholson Fragrance Group,Connie Lawrence,Anthony Rodriguez
1478,Nicholson Fragrance Rogersmouth Shop,Nicholson Fragrance Group,Connie Lawrence,Anthony Rodriguez
1479,Smith Scents South Elaineborough Boutique,Smith Scents Holding,Carla Gray,Zachary Hicks
1480,Morris Cosmetics Larryside Plaza,Morris Cosmetics Holding,Jamie Arnold,Zachary Hicks
1481,Brown Parfum Brandonbury Corner,Brown Parfum Holding,Lisa Hensley,Stephanie Ross
1482,Oliver Cosmetics Victoriaburgh Boutique,Oliver Cosmetics Group,Dylan Miller,Stephanie Ross
1483,House Fragrance South Natashamouth Gallery,House Fragrance Corp,Dylan Miller,Stephanie Ross
1484,Liu Scents Karenmouth Outlet,Liu Scents Holding,Lisa Jackson,Stephanie Ross
1485,Solomon Cosmetics North Adrian Shop,Solomon Cosmetics Holding,Gina Moore,Zachary Hicks
1486,Nicholson Fragrance Elizabethmouth Outlet,Nicholson Fragrance Group,Connie Lawrence,Anthony Rodriguez
1487,Solomon Cosmetics Alfredmouth Shop,Solomon Cosmetics Holding,Gina Moore,Zachary Hicks
1488,Hansen Parfum New Andrewstad Corner,Hansen Parfum Holding,Dylan Miller,Stephanie Ross
1489,Nicholson Fragrance Johnsonmouth Corner,Nicholson Fragrance Group,Connie Lawrence,Anthony Rodriguez
1490,Durham Beauty North Stevenmouth Outlet,Durham Beauty Group,Noah Rhodes,Justin Baker
1491,Durham Beauty Thompsonstad Outlet,Durham Beauty Group,Noah Rhodes,Justin Baker
1492,Durham Beauty North Kenneth Corner,Durham Beauty Group,Noah Rhodes,Justin Baker
1493,Durham Beauty North Nathanborough Gallery,Durham Beauty Group,Noah Rhodes,Justin Baker
1494,Durham Beauty Juliafort Gallery,Durham Beauty Group,Noah Rhodes,Justin Baker
1495,Durham Beauty Kingshire Plaza,Durham Beauty Group,Noah Rhodes,Justin Baker
1496,Durham Beauty Snyderside Boutique,Durham Beauty Group,Noah Rhodes,Justin Baker
1497,Durham Beauty West Melissa Market,Durham Beauty Group,Noah Rhodes,Justin Baker
1498,Durham Beauty North Stephanie Market,Durham Beauty Group,Noah Rhodes,Justin Baker
1499,Durham Beauty Crawfordside Market,Durham Beauty Group,Noah Rhodes,Justin Baker
1500,Durham Beauty Lake Christineport Outlet,Durham Beauty Group,Noah Rhodes,Justin Baker
1501,Durham Beauty Gutierrezville Shop,Durham Beauty Group,Noah Rhodes,Justin Baker
1502,Durham Beauty Lake Ernest Plaza,Durham Beauty Group,Noah Rhodes,Justin Baker
1503,Durham Beauty South Eric Gallery,Durham Beauty Group,Noah Rhodes,Justin Baker
1504,Liu Scents South Shawntown Outlet,Liu Scents Holding,Lisa Jackson,Stephanie Ross
1505,Durham Beauty Adamborough Store,Durham Beauty Group,Noah Rhodes,Justin Baker
1506,Durham Beauty North Josephville Corner,Durham Beauty Group,Noah Rhodes,Justin Baker
1507,Durham Beauty Sandraburgh Gallery,Durham Beauty Group,Noah Rhodes,Justin Baker
1508,Durham Beauty Sheltonfort Gallery,Durham Beauty Group,Noah Rhodes,Justin Baker
1509,Durham Beauty Davisbury Market,Durham Beauty Group,Noah Rhodes,Justin Baker
1510,Durham Beauty Carolport Boutique,Durham Beauty Group,Noah Rhodes,Justin Baker
1511,Durham Beauty Lake Williammouth Shop,Durham Beauty Group,Noah Rhodes,Justin Baker
1512,Durham Beauty Lake Robyn Market,Durham Beauty Group,Noah Rhodes,Justin Baker
1513,Solomon Cosmetics Gregorymouth Market,Solomon Cosmetics Holding,Lisa Hensley,Stephanie Ross
1514,Solomon Cosmetics South Kayla Store,Solomon Cosmetics Holding,Lisa Hensley,Stephanie Ross
1515,Le Cosmetics Port Nicholasshire Shop,Le Cosmetics Corp,Lisa Jackson,Stephanie Ross
1516,Solomon Cosmetics Luisbury Shop,Solomon Cosmetics Holding,Brian Ramirez,Zachary Hicks
1517,Solomon Cosmetics Danielton Market,Solomon Cosmetics Holding,Brian Ramirez,Zachary Hicks
1518,Solomon Cosmetics Allenville Boutique,Solomon Cosmetics Holding,Brian Ramirez,Zachary Hicks
1519,Wood Beauty West Crystal Shop,Wood Beauty Group,Brian Ramirez,Zachary Hicks
1520,Solomon Cosmetics Port Edward Store,Solomon Cosmetics Holding,Cristian Santos,Zachary Hicks
1521,Wood Beauty Lake Thomaston Corner,Wood Beauty Group,Brian Ramirez,Zachary Hicks
1522,Oliver Cosmetics East Elizabethland Outlet,Oliver Cosmetics Group,Dylan Miller,Stephanie Ross
1523,Hall Fragrance South Garystad Market,Hall Fragrance Holding,Lisa Hensley,Stephanie Ross
1524,Smith Beauty Robertfort Market,Smith Beauty Holding,Allison Hill,Judy Baker
1525,King Cosmetics South Carolyn Boutique,King Cosmetics Holding,Brian Ramirez,Zachary Hicks
1526,Solomon Cosmetics South George Outlet,Solomon Cosmetics Holding,Lisa Hensley,Stephanie Ross
1527,Morris Parfum Jacobsonport Market,Morris Parfum Group,Gina Moore,Zachary Hicks
1528,Weaver Scents South Michael Corner,Weaver Scents Group,Lisa Hensley,Stephanie Ross
1529,King Cosmetics South Albert Shop,King Cosmetics Holding,Carla Gray,Zachary Hicks
1530,Henderson Cosmetics Guyborough Outlet,Henderson Cosmetics Group,Carla Gray,Zachary Hicks
1531,King Cosmetics Harrisshire Shop,King Cosmetics Holding,Brian Ramirez,Zachary Hicks
1532,Mclean Fragrance Copelandside Shop,Mclean Fragrance Holding,Connie Lawrence,Anthony Rodriguez
1533,Nicholson Fragrance West Alexandrashire Store,Nicholson Fragrance Group,Connie Lawrence,Anthony Rodriguez
1534,Nicholson Fragrance Port Ninaburgh Boutique,Nicholson Fragrance Group,Connie Lawrence,Anthony Rodriguez
1535,Phillips Scents New Stephaniefort Shop,Phillips Scents Corp,Connie Lawrence,Anthony Rodriguez
1536,Harper Beauty Lake Robert Corner,Harper Beauty Corp,Noah Rhodes,Justin Baker
1537,Villanueva Beauty Charlesborough Plaza,Villanueva Beauty Corp,Dylan Miller,Stephanie Ross
1538,Hamilton Beauty Brittanymouth Store,Hamilton Beauty Corp,Gina Moore,Zachary Hicks
1539,Harper Beauty Livingstonstad Outlet,Harper Beauty Corp,Noah Rhodes,Justin Baker
1540,Harper Beauty New Loretta Shop,Harper Beauty Corp,Noah Rhodes,Justin Baker
1541,Harper Beauty Scottberg Store,Harper Beauty Corp,Noah Rhodes,Justin Baker
1542,Oliver Cosmetics Port Roberthaven Store,Oliver Cosmetics Group,Dylan Miller,Stephanie Ross
1543,Harper Beauty Port Christopher Gallery,Harper Beauty Corp,Noah Rhodes,Justin Baker
1544,Harper Beauty Lake Leslie Market,Harper Beauty Corp,Noah Rhodes,Justin Baker
1545,Harper Beauty Port Billyland Market,Harper Beauty Corp,Noah Rhodes,Justin Baker
1546,Harper Beauty East Brittanymouth Market,Harper Beauty Corp,Noah Rhodes,Justin Baker
1547,Harper Beauty Port Rebecca Corner,Harper Beauty Corp,Noah Rhodes,Justin Baker
1548,Harper Beauty West Lee Outlet,Harper Beauty Corp,Noah Rhodes,Justin Baker
1549,Harper Beauty Owensfurt Corner,Harper Beauty Corp,Noah Rhodes,Justin Baker
1550,Harper Beauty South Sarahhaven Corner,Harper Beauty Corp,Noah Rhodes,Justin Baker
1551,Harper Beauty Ricemouth Shop,Harper Beauty Corp,Noah Rhodes,Justin Baker
1552,Harper Beauty Andrewport Outlet,Harper Beauty Corp,Noah Rhodes,Justin Baker
1553,Harper Beauty Lake Kathy Plaza,Harper Beauty Corp,Noah Rhodes,Justin Baker
1554,Harper Beauty Terrymouth Store,Harper Beauty Corp,Noah Rhodes,Justin Baker
1555,Harper Beauty North Jacquelinebury Store,Harper Beauty Corp,Noah Rhodes,Justin Baker
1556,Harper Beauty New Michelleview Outlet,Harper Beauty Corp,Noah Rhodes,Justin Baker
1557,Harper Beauty Johnside Store,Harper Beauty Corp,Noah Rhodes,Justin Baker
1558,Harper Beauty Collierhaven Gallery,Harper Beauty Corp,Noah Rhodes,Justin Baker
1559,Harper Beauty West Andrewstad Gallery,Harper Beauty Corp,Noah Rhodes,Justin Baker
1560,Harper Beauty East Sheilahaven Outlet,Harper Beauty Corp,Noah Rhodes,Justin Baker
1561,Harper Beauty New Joshuaberg Plaza,Harper Beauty Corp,Noah Rhodes,Justin Baker
1562,Brown Parfum Lake Sharon Boutique,Brown Parfum Holding,Lisa Hensley,Stephanie Ross
1563,Thompson Fragrance Vanessaberg Corner,Thompson Fragrance Holding,Monica Herrera,Stephanie Ross
1564,Williams Scents Meganport Boutique,Williams Scents Corp,Lisa Hensley,Stephanie Ross
1565,Lucas Beauty North Cassie Market,Lucas Beauty Corp,Brian Ramirez,Zachary Hicks
1566,Lucas Beauty Port Sethmouth Boutique,Lucas Beauty Corp,Brian Ramirez,Zachary Hicks
1567,Cunningham Scents West Aimee Corner,Cunningham Scents Holding,Lisa Jackson,Stephanie Ross
1568,Young Beauty Youngmouth Shop,Young Beauty Corp,Lisa Hensley,Stephanie Ross
1569,Young Beauty Turnerland Outlet,Young Beauty Corp,Dylan Miller,Stephanie Ross
1570,Hubbard Fragrance Abigailfurt Boutique,Hubbard Fragrance Corp,Lisa Jackson,Stephanie Ross
1571,Nicholson Fragrance Brandimouth Store,Nicholson Fragrance Group,Connie Lawrence,Anthony Rodriguez
1572,Nicholson Fragrance Smithstad Shop,Nicholson Fragrance Group,Connie Lawrence,Anthony Rodriguez
1573,Powell Cosmetics East Tiffanybury Shop,Powell Cosmetics Corp,Dylan Miller,Stephanie Ross
1574,Molina Beauty Davidfurt Corner,Molina Beauty Corp,Carla Gray,Zachary Hicks
1575,Molina Beauty Port Michael Store,Molina Beauty Corp,Carla Gray,Zachary Hicks
1576,Case Scents Lake Garrett Boutique,Case Scents Group,Margaret Hawkins Dds,Stephanie Ross
1577,Henderson Cosmetics Patriciaburgh Gallery,Henderson Cosmetics Group,Carla Gray,Zachary Hicks
1578,Lane Scents Michaelfort Outlet,Lane Scents Holding,Lisa Hensley,Stephanie Ross
1579,Lane Scents East Jasonberg Market,Lane Scents Holding,Lisa Hensley,Stephanie Ross
1580,Lane Scents East Johnton Gallery,Lane Scents Holding,Lisa Hensley,Stephanie Ross
1581,Lane Scents New William Outlet,Lane Scents Holding,Lisa Hensley,Stephanie Ross
1582,Harper Beauty South Jonathanland Store,Harper Beauty Corp,Noah Rhodes,Justin Baker
1583,Ayala Scents Lisamouth Outlet,Ayala Scents Holding,Gina Moore,Zachary Hicks
1584,Washington Scents Chelseamouth Store,Washington Scents Corp,Allison Hill,Judy Baker
1585,Washington Scents West Shannon Plaza,Washington Scents Corp,Allison Hill,Judy Baker
1586,Washington Scents East Jessicatown Market,Washington Scents Corp,Allison Hill,Judy Baker
1587,Garcia Fragrance Lake Andrewfort Boutique,Garcia Fragrance Holding,Lisa Hensley,Stephanie Ross
1588,Moore Fragrance East Stevenmouth Outlet,Moore Fragrance Group,Lisa Hensley,Stephanie Ross
1589,Moore Fragrance Ellistown Market,Moore Fragrance Group,Lisa Hensley,Stephanie Ross
1590,Moore Fragrance Mccoyberg Boutique,Moore Fragrance Group,Lisa Hensley,Stephanie Ross
1591,Moore Fragrance Lisaland Boutique,Moore Fragrance Group,Lisa Hensley,Stephanie Ross
1592,Moore Fragrance Hopkinsberg Shop,Moore Fragrance Group,Lisa Hensley,Stephanie Ross
1593,Moore Fragrance Ericshire Plaza,Moore Fragrance Group,Lisa Hensley,Stephanie Ross
1594,Moore Fragrance North Laurie Store,Moore Fragrance Group,Lisa Hensley,Stephanie Ross
1595,Moore Fragrance East Jackson Shop,Moore Fragrance Group,Lisa Hensley,Stephanie Ross
1596,Moore Fragrance New Brittanyhaven Shop,Moore Fragrance Group,Lisa Hensley,Stephanie Ross
1597,Moore Fragrance North Joseph Boutique,Moore Fragrance Group,Lisa Hensley,Stephanie Ross
1598,Peterson Cosmetics East Victor Outlet,Peterson Cosmetics Group,Connie Lawrence,Anthony Rodriguez
1599,Griffin Parfum North Gary Shop,Griffin Parfum Group,Connie Lawrence,Anthony Rodriguez
1600,Harper Beauty Crawfordburgh Boutique,Harper Beauty Corp,Noah Rhodes,Justin Baker
1601,Nicholson Fragrance Lake Pedroborough Market,Nicholson Fragrance Group,Connie Lawrence,Anthony Rodriguez
1602,Nicholson Fragrance New Valerie Plaza,Nicholson Fragrance Group,Connie Lawrence,Anthony Rodriguez
1603,Freeman Scents North Scotthaven Market,Freeman Scents Holding,Connie Lawrence,Anthony Rodriguez
1604,Key Parfum West Nicole Shop,Key Parfum Holding,Gina Moore,Zachary Hicks
1605,Campbell Fragrance New Adammouth Store,Campbell Fragrance Holding,Jamie Arnold,Zachary Hicks
1606,Key Parfum Lambertmouth Boutique,Key Parfum Holding,Gina Moore,Zachary Hicks
1607,Robinson Cosmetics East April Boutique,Robinson Cosmetics Group,Connie Lawrence,Anthony Rodriguez
1608,Lopez Parfum Mosleyton Boutique,Lopez Parfum Holding,Lisa Hensley,Stephanie Ross
1609,Tran Fragrance Lake James Boutique,Tran Fragrance Group,Ryan Munoz,Judy Baker
1610,Black Cosmetics Westland Plaza,Black Cosmetics Holding,Cristian Santos,Zachary Hicks
1611,Cisneros Scents Jamesstad Plaza,Cisneros Scents Group,Ethan Adams,Rebecca Henderson
1612,Matthews Fragrance Peterville Boutique,Matthews Fragrance Group,Connie Lawrence,Anthony Rodriguez
1613,Harper Beauty Lake Derek Shop,Harper Beauty Corp,Noah Rhodes,Justin Baker
1614,Parks Cosmetics Keithshire Shop,Parks Cosmetics Group,Allison Hill,Judy Baker
1615,Kemp Beauty Lake Heather Store,Kemp Beauty Group,Ethan Adams,Rebecca Henderson
1616,Harper Beauty East Cassandra Boutique,Harper Beauty Corp,Noah Rhodes,Justin Baker
1617,Moore Beauty Lake Julietown Store,Moore Beauty Corp,Brian Ramirez,Zachary Hicks
1618,Moore Beauty East Gregory Market,Moore Beauty Corp,Brian Ramirez,Zachary Hicks
1619,Phillips Scents West Anna Shop,Phillips Scents Corp,Lisa Hensley,Stephanie Ross
1620,Willis Cosmetics Port Sarahchester Corner,Willis Cosmetics Holding,Dylan Miller,Stephanie Ross
1621,Byrd Scents New Briannaview Market,Byrd Scents Corp,Margaret Hawkins Dds,Stephanie Ross
1622,Nicholson Fragrance Luiston Outlet,Nicholson Fragrance Group,Connie Lawrence,Anthony Rodriguez
1623,Nicholson Fragrance Lake Tracy Outlet,Nicholson Fragrance Group,Connie Lawrence,Anthony Rodriguez
1624,Lane Scents Samanthafurt Outlet,Lane Scents Holding,Lisa Hensley,Stephanie Ross
1625,Lane Scents Allisonport Store,Lane Scents Holding,Lisa Hensley,Stephanie Ross
1626,Lane Scents West Audrey Gallery,Lane Scents Holding,Lisa Hensley,Stephanie Ross
1627,Lane Scents Lake Linda Outlet,Lane Scents Holding,Lisa Hensley,Stephanie Ross
1628,Lane Scents North Sue Plaza,Lane Scents Holding,Lisa Hensley,Stephanie Ross
1629,Lane Scents Gregoryton Plaza,Lane Scents Holding,Lisa Hensley,Stephanie Ross
1630,Lane Scents Solisfurt Corner,Lane Scents Holding,Lisa Hensley,Stephanie Ross
1631,Lane Scents Krystalland Outlet,Lane Scents Holding,Lisa Hensley,Stephanie Ross
1632,Lewis Beauty Lake Justinberg Store,Lewis Beauty Holding,Margaret Hawkins Dds,Stephanie Ross
1633,Lane Scents Port Cristianhaven Shop,Lane Scents Holding,Lisa Hensley,Stephanie Ross
1634,Lane Scents Lake Charles Market,Lane Scents Holding,Lisa Hensley,Stephanie Ross
1635,Lane Scents Port Stephanie Gallery,Lane Scents Holding,Lisa Hensley,Stephanie Ross
1636,Lane Scents Lake Jeremyport Boutique,Lane Scents Holding,Lisa Hensley,Stephanie Ross
1637,Lane Scents Evansbury Shop,Lane Scents Holding,Lisa Hensley,Stephanie Ross
1638,Lane Scents Charlestown Gallery,Lane Scents Holding,Lisa Hensley,Stephanie Ross
1639,Lane Scents Port William Shop,Lane Scents Holding,Lisa Hensley,Stephanie Ross
1640,Lane Scents South Dominiquebury Boutique,Lane Scents Holding,Lisa Hensley,Stephanie Ross
1641,Lane Scents New Melaniemouth Boutique,Lane Scents Holding,Lisa Hensley,Stephanie Ross
1642,Nicholson Fragrance Lake Donald Gallery,Nicholson Fragrance Group,Connie Lawrence,Anthony Rodriguez
1643,Abbott Scents New Royfurt Store,Abbott Scents Holding,Monica Herrera,Stephanie Ross
1644,Baxter Parfum Mendozafurt Plaza,Baxter Parfum Holding,Monica Herrera,Stephanie Ross
1645,Davis Scents East Maryfurt Shop,Davis Scents Group,Connie Lawrence,Anthony Rodriguez
1646,Harper Beauty Port Daniel Corner,Harper Beauty Corp,Noah Rhodes,Justin Baker
1647,Nicholson Fragrance Lake Christinachester Store,Nicholson Fragrance Group,Connie Lawrence,Anthony Rodriguez
1648,Jackson Cosmetics New James Corner,Jackson Cosmetics Corp,Margaret Hawkins Dds,Stephanie Ross
1649,Gibbs Parfum Daltonmouth Shop,Gibbs Parfum Group,Margaret Hawkins Dds,Stephanie Ross
1650,Allen Fragrance East Heatherton Shop,Allen Fragrance Corp,Monica Herrera,Stephanie Ross
1651,Howard Parfum Wongland Gallery,Howard Parfum Holding,Brian Ramirez,Zachary Hicks
1652,Howard Parfum Chandlerhaven Plaza,Howard Parfum Holding,Brian Ramirez,Zachary Hicks
1653,Howard Parfum East Amyport Shop,Howard Parfum Holding,Brian Ramirez,Zachary Hicks
1654,Howard Parfum Sarahburgh Store,Howard Parfum Holding,Brian Ramirez,Zachary Hicks
1655,Howard Parfum Johnnyview Outlet,Howard Parfum Holding,Brian Ramirez,Zachary Hicks
1656,Howard Parfum Davisland Corner,Howard Parfum Holding,Brian Ramirez,Zachary Hicks
1657,Howard Parfum East Gailberg Corner,Howard Parfum Holding,Brian Ramirez,Zachary Hicks
1658,Howard Parfum Port Timothy Plaza,Howard Parfum Holding,Brian Ramirez,Zachary Hicks
1659,Howard Parfum North Jordan Boutique,Howard Parfum Holding,Brian Ramirez,Zachary Hicks
1660,Howard Parfum New Kristi Store,Howard Parfum Holding,Brian Ramirez,Zachary Hicks
1661,Howard Parfum Johnshire Outlet,Howard Parfum Holding,Brian Ramirez,Zachary Hicks
1662,Howard Parfum Danville Corner,Howard Parfum Holding,Brian Ramirez,Zachary Hicks
1663,Howard Parfum Lake Garrett Shop,Howard Parfum Holding,Brian Ramirez,Zachary Hicks
1664,Boyd Parfum Allenville Market,Boyd Parfum Group,Brian Ramirez,Zachary Hicks
1665,Howard Parfum Lake John Store,Howard Parfum Holding,Brian Ramirez,Zachary Hicks
1666,Howard Parfum Jodiberg Boutique,Howard Parfum Holding,Brian Ramirez,Zachary Hicks
1667,Howard Parfum Ortiztown Outlet,Howard Parfum Holding,Brian Ramirez,Zachary Hicks
1668,Howard Parfum Patrickfurt Market,Howard Parfum Holding,Brian Ramirez,Zachary Hicks
1669,Howard Parfum Turnerburgh Boutique,Howard Parfum Holding,Brian Ramirez,Zachary Hicks
1670,Howard Parfum West Lindaland Shop,Howard Parfum Holding,Brian Ramirez,Zachary Hicks
1671,Howard Parfum Wolfside Gallery,Howard Parfum Holding,Brian Ramirez,Zachary Hicks
1672,Howard Parfum Gomezborough Outlet,Howard Parfum Holding,Brian Ramirez,Zachary Hicks
1673,Garcia Fragrance Fosterhaven Plaza,Garcia Fragrance Group,Connie Lawrence,Anthony Rodriguez
1674,Hudson Fragrance East Kirstenville Corner,Hudson Fragrance Holding,Gina Moore,Zachary Hicks
1675,Williams Scents North Paul Corner,Williams Scents Corp,Gina Moore,Zachary Hicks
1676,Williams Scents Kleinmouth Corner,Williams Scents Corp,Gina Moore,Zachary Hicks
1677,Oliver Cosmetics Brandonland Plaza,Oliver Cosmetics Group,Dylan Miller,Stephanie Ross
1678,Nicholson Fragrance Davisfurt Gallery,Nicholson Fragrance Group,Connie Lawrence,Anthony Rodriguez
1679,Phillips Scents North Juanborough Shop,Phillips Scents Corp,Lisa Hensley,Stephanie Ross
1680,Walter Scents Amberborough Outlet,Walter Scents Group,Lisa Hensley,Stephanie Ross
1681,Harper Beauty East Johnmouth Store,Harper Beauty Corp,Noah Rhodes,Justin Baker
1682,Harper Beauty Oscarhaven Gallery,Harper Beauty Corp,Noah Rhodes,Justin Baker
1683,Gardner Cosmetics North Kaitlinmouth Boutique,Gardner Cosmetics Holding,Lisa Jackson,Stephanie Ross
1684,Cooper Parfum West Elizabeth Shop,Cooper Parfum Corp,Dylan Miller,Stephanie Ross
1685,Nicholson Fragrance Lisashire Store,Nicholson Fragrance Group,Connie Lawrence,Anthony Rodriguez
1686,Cabrera Beauty Port Alanhaven Shop,Cabrera Beauty Holding,Lisa Hensley,Stephanie Ross
1687,Williams Cosmetics Walkermouth Market,Williams Cosmetics Corp,Monica Herrera,Stephanie Ross
1688,Nicholson Fragrance South Joseph Store,Nicholson Fragrance Group,Connie Lawrence,Anthony Rodriguez
1689,Nicholson Fragrance North Jack Plaza,Nicholson Fragrance Group,Connie Lawrence,Anthony Rodriguez
1690,Nicholson Fragrance West Anitashire Boutique,Nicholson Fragrance Group,Connie Lawrence,Anthony Rodriguez
1691,Solomon Cosmetics Smithchester Corner,Solomon Cosmetics Holding,Brian Ramirez,Zachary Hicks
1692,Nicholson Fragrance Smithfurt Shop,Nicholson Fragrance Group,Connie Lawrence,Anthony Rodriguez
1693,Nicholson Fragrance Beckybury Market,Nicholson Fragrance Group,Connie Lawrence,Anthony Rodriguez
1694,Nicholson Fragrance Websterchester Outlet,Nicholson Fragrance Group,Connie Lawrence,Anthony Rodriguez
1695,Nicholson Fragrance East Katherine Market,Nicholson Fragrance Group,Connie Lawrence,Anthony Rodriguez
1696,Nicholson Fragrance Danielborough Gallery,Nicholson Fragrance Group,Connie Lawrence,Anthony Rodriguez
1697,Nicholson Fragrance Lake Timothymouth Store,Nicholson Fragrance Group,Connie Lawrence,Anthony Rodriguez
1698,Nicholson Fragrance West Ericmouth Shop,Nicholson Fragrance Group,Connie Lawrence,Anthony Rodriguez
1699,Love Fragrance Lake Josetown Store,Love Fragrance Holding,Margaret Hawkins Dds,Stephanie Ross
1700,Anderson Scents Joseton Market,Anderson Scents Holding,Ethan Adams,Rebecca Henderson
1701,Solomon Cosmetics North Gary Boutique,Solomon Cosmetics Holding,Carla Gray,Zachary Hicks
1702,Phillips Scents East Beverlyfurt Plaza,Phillips Scents Corp,Lisa Hensley,Stephanie Ross
1703,Johnson Scents Aprilstad Plaza,Johnson Scents Group,Brian Ramirez,Zachary Hicks
1704,Atkins Beauty Nicholemouth Store,Atkins Beauty Corp,Margaret Hawkins Dds,Stephanie Ross
1705,Bright Scents Lorifort Plaza,Bright Scents Corp,Jamie Arnold,Zachary Hicks
1706,Hudson Fragrance West Brianhaven Outlet,Hudson Fragrance Holding,Gina Moore,Zachary Hicks
1707,Love Cosmetics South Juan Shop,Love Cosmetics Group,Margaret Hawkins Dds,Stephanie Ross
1708,Walter Fragrance Danielburgh Shop,Walter Fragrance Corp,Connie Lawrence,Anthony Rodriguez
1709,Taylor Scents South Logan Gallery,Taylor Scents Corp,Dylan Miller,Stephanie Ross
1710,Harper Beauty New Michael Boutique,Harper Beauty Corp,Noah Rhodes,Justin Baker
1711,Harper Beauty New Juan Corner,Harper Beauty Corp,Noah Rhodes,Justin Baker
1712,Lane Scents Andresville Corner,Lane Scents Holding,Lisa Hensley,Stephanie Ross
1713,Love Fragrance New Roseborough Gallery,Love Fragrance Holding,Margaret Hawkins Dds,Stephanie Ross
1714,Solomon Cosmetics Vincentmouth Shop,Solomon Cosmetics Holding,Brian Ramirez,Zachary Hicks
1715,Montes Scents Heatherfurt Store,Montes Scents Holding,Lisa Hensley,Stephanie Ross
1716,Young Beauty West Daniel Outlet,Young Beauty Corp,Lisa Hensley,Stephanie Ross
1717,Tran Fragrance South Donna Gallery,Tran Fragrance Group,Ryan Munoz,Judy Baker
1718,Harper Beauty East Michaelview Store,Harper Beauty Corp,Noah Rhodes,Justin Baker
1719,Harper Beauty New Michaelport Outlet,Harper Beauty Corp,Noah Rhodes,Justin Baker
1720,Harper Beauty Albertburgh Store,Harper Beauty Corp,Noah Rhodes,Justin Baker
1721,Moore Fragrance East Matthewburgh Boutique,Moore Fragrance Group,Lisa Hensley,Stephanie Ross
1722,Cook Parfum Feliciaborough Store,Cook Parfum Corp,Brian Ramirez,Zachary Hicks
1723,Horton Cosmetics Chavezborough Corner,Horton Cosmetics Holding,Allison Hill,Judy Baker
1724,Stanton Scents Josephtown Plaza,Stanton Scents Corp,Dylan Miller,Stephanie Ross
1725,Reed Cosmetics Mitchellmouth Market,Reed Cosmetics Corp,Lisa Hensley,Stephanie Ross
1726,Williams Scents Lowehaven Market,Williams Scents Corp,Gina Moore,Zachary Hicks
1727,Leach Scents Port Jenniferborough Corner,Leach Scents Group,Lisa Hensley,Stephanie Ross
1728,Harper Beauty West Dustin Plaza,Harper Beauty Corp,Noah Rhodes,Justin Baker
1729,Harper Beauty New Jeffery Gallery,Harper Beauty Corp,Noah Rhodes,Justin Baker
1730,Harper Beauty Hillfort Boutique,Harper Beauty Corp,Noah Rhodes,Justin Baker
1731,Harper Beauty East Erikburgh Corner,Harper Beauty Corp,Noah Rhodes,Justin Baker
1732,Harper Beauty East Holly Market,Harper Beauty Corp,Noah Rhodes,Justin Baker
1733,Hall Parfum Lake Patrickview Corner,Hall Parfum Group,Ethan Adams,Rebecca Henderson
1734,Cohen Fragrance Charlesmouth Corner,Cohen Fragrance Group,Monica Herrera,Stephanie Ross
1735,Scott Scents Gailborough Gallery,Scott Scents Group,Connie Lawrence,Anthony Rodriguez
1736,Villegas Fragrance Dakotaton Plaza,Villegas Fragrance Holding,Ethan Adams,Rebecca Henderson
1737,Ortiz Cosmetics North Bryanside Shop,Ortiz Cosmetics Corp,Ethan Adams,Rebecca Henderson
1738,Terry Parfum New Justinport Outlet,Terry Parfum Corp,Ethan Adams,Rebecca Henderson
1739,White Cosmetics Josephton Gallery,White Cosmetics Corp,Connie Lawrence,Anthony Rodriguez
1740,Robinson Cosmetics Parkstad Market,Robinson Cosmetics Holding,Connie Lawrence,Anthony Rodriguez
1741,Mendoza Cosmetics Port Lindsayview Boutique,Mendoza Cosmetics Corp,Connie Lawrence,Anthony Rodriguez
1742,King Cosmetics Guerraville Shop,King Cosmetics Holding,Brian Ramirez,Zachary Hicks
1743,Brown Parfum Rachelland Gallery,Brown Parfum Corp,Monica Herrera,Stephanie Ross
1744,Ortiz Cosmetics Wigginsfurt Market,Ortiz Cosmetics Corp,Connie Lawrence,Anthony Rodriguez
1745,Glover Beauty Donnamouth Plaza,Glover Beauty Holding,Ethan Adams,Rebecca Henderson
1746,Nicholson Fragrance East Danielmouth Store,Nicholson Fragrance Group,Connie Lawrence,Anthony Rodriguez
1747,Harper Beauty Wardberg Boutique,Harper Beauty Corp,Noah Rhodes,Justin Baker
1748,Harper Beauty Samuelchester Store,Harper Beauty Corp,Noah Rhodes,Justin Baker
1749,Santiago Scents Crawfordport Store,Santiago Scents Corp,Ethan Adams,Rebecca Henderson
1750,Nicholson Fragrance Port Kimberlyburgh Boutique,Nicholson Fragrance Group,Connie Lawrence,Anthony Rodriguez
1751,Velazquez Scents Vasquezville Boutique,Velazquez Scents Holding,Jamie Arnold,Zachary Hicks
1752,Allen Fragrance West Kimberly Store,Allen Fragrance Corp,Monica Herrera,Stephanie Ross
1753,Bennett Parfum New Curtisberg Outlet,Bennett Parfum Corp,Monica Herrera,Stephanie Ross
1754,Harper Beauty Jeffreyfort Store,Harper Beauty Corp,Noah Rhodes,Justin Baker
1755,Harper Beauty Terriburgh Plaza,Harper Beauty Corp,Noah Rhodes,Justin Baker
1756,Harper Beauty Markview Outlet,Harper Beauty Corp,Noah Rhodes,Justin Baker
1757,Harper Beauty Troymouth Boutique,Harper Beauty Corp,Noah Rhodes,Justin Baker
1758,Harper Beauty North Andreamouth Market,Harper Beauty Corp,Noah Rhodes,Justin Baker
1759,Nicholson Fragrance New Erica Plaza,Nicholson Fragrance Group,Connie Lawrence,Anthony Rodriguez
1760,Lane Scents Lake Christopher Gallery,Lane Scents Holding,Lisa Hensley,Stephanie Ross
1761,Proctor Beauty Tamaramouth Boutique,Proctor Beauty Corp,Dylan Miller,Stephanie Ross
1762,Martin Cosmetics Donaldfurt Market,Martin Cosmetics Group,Gina Moore,Zachary Hicks
1763,Fisher Scents Glennport Shop,Fisher Scents Corp,Lisa Hensley,Stephanie Ross
1764,Jones Scents Millerton Plaza,Jones Scents Corp,Ethan Adams,Rebecca Henderson
1765,Rodriguez Scents Lake Aprilberg Store,Rodriguez Scents Group,Dylan Miller,Stephanie Ross
1766,Lee Cosmetics New Hollymouth Store,Lee Cosmetics Holding,Ethan Adams,Rebecca Henderson
1767,Nicholson Fragrance Port Deanna Boutique,Nicholson Fragrance Group,Connie Lawrence,Anthony Rodriguez
1768,Nicholson Fragrance Carolhaven Corner,Nicholson Fragrance Group,Connie Lawrence,Anthony Rodriguez
1769,Nicholson Fragrance South Angelatown Market,Nicholson Fragrance Group,Connie Lawrence,Anthony Rodriguez
1770,Nicholson Fragrance South Laurabury Boutique,Nicholson Fragrance Group,Connie Lawrence,Anthony Rodriguez
1771,Lane Scents Josephberg Shop,Lane Scents Holding,Lisa Hensley,Stephanie Ross
1772,Harper Beauty South Ronnie Store,Harper Beauty Corp,Noah Rhodes,Justin Baker
1773,Harper Beauty Davidview Boutique,Harper Beauty Corp,Noah Rhodes,Justin Baker
1774,Harper Beauty Catherineberg Corner,Harper Beauty Corp,Noah Rhodes,Justin Baker
1775,Harper Beauty West Elizabethshire Store,Harper Beauty Corp,Noah Rhodes,Justin Baker
1776,Harper Beauty Shahstad Market,Harper Beauty Corp,Noah Rhodes,Justin Baker
1777,Harper Beauty East Lisa Boutique,Harper Beauty Corp,Noah Rhodes,Justin Baker
1778,Harper Beauty South Lindsaystad Outlet,Harper Beauty Corp,Noah Rhodes,Justin Baker
1779,Harper Beauty New Kevinmouth Store,Harper Beauty Corp,Noah Rhodes,Justin Baker
1780,Harper Beauty North Curtis Plaza,Harper Beauty Corp,Noah Rhodes,Justin Baker
1781,Guerrero Fragrance South Holly Market,Guerrero Fragrance Corp,Ethan Adams,Rebecca Henderson
1782,Harper Beauty West Beth Boutique,Harper Beauty Corp,Noah Rhodes,Justin Baker
1783,Harper Beauty North Adam Outlet,Harper Beauty Corp,Noah Rhodes,Justin Baker
1784,Harper Beauty Robertstad Store,Harper Beauty Corp,Noah Rhodes,Justin Baker
1785,Harper Beauty East Kellie Market,Harper Beauty Corp,Noah Rhodes,Justin Baker
1786,Harper Beauty North Rogerfort Outlet,Harper Beauty Corp,Noah Rhodes,Justin Baker
1787,Harper Beauty Port Loretta Corner,Harper Beauty Corp,Noah Rhodes,Justin Baker
1788,Harper Beauty Rowlandton Boutique,Harper Beauty Corp,Noah Rhodes,Justin Baker
1789,Harper Beauty West Tyler Store,Harper Beauty Corp,Noah Rhodes,Justin Baker
1790,Harper Beauty Lake Christopherville Gallery,Harper Beauty Corp,Noah Rhodes,Justin Baker
1791,Harper Beauty Phillipsborough Corner,Harper Beauty Corp,Noah Rhodes,Justin Baker
1792,Harper Beauty Port Michele Gallery,Harper Beauty Corp,Noah Rhodes,Justin Baker
1793,Harper Beauty Roweton Market,Harper Beauty Corp,Noah Rhodes,Justin Baker
1794,Harper Beauty New Ashley Gallery,Harper Beauty Corp,Noah Rhodes,Justin Baker
1795,Harper Beauty Jamesview Outlet,Harper Beauty Corp,Noah Rhodes,Justin Baker
1796,Harper Beauty West Nancy Plaza,Harper Beauty Corp,Noah Rhodes,Justin Baker
1797,Nicholson Fragrance New Jason Shop,Nicholson Fragrance Group,Connie Lawrence,Anthony Rodriguez
1798,Harper Beauty Lake Brittany Boutique,Harper Beauty Corp,Noah Rhodes,Justin Baker
1799,Harper Beauty Stephanieport Outlet,Harper Beauty Corp,Noah Rhodes,Justin Baker
1800,Harper Beauty Sanchezberg Store,Harper Beauty Corp,Noah Rhodes,Justin Baker
1801,Harper Beauty Gavinbury Store,Harper Beauty Corp,Noah Rhodes,Justin Baker
1802,Harper Beauty Buckview Plaza,Harper Beauty Corp,Noah Rhodes,Justin Baker
1803,Harper Beauty Emilyville Shop,Harper Beauty Corp,Noah Rhodes,Justin Baker
1804,Harper Beauty Marshallfurt Corner,Harper Beauty Corp,Noah Rhodes,Justin Baker
1805,Harper Beauty New Samantha Corner,Harper Beauty Corp,Noah Rhodes,Justin Baker
1806,Harper Beauty North Cheryl Market,Harper Beauty Corp,Noah Rhodes,Justin Baker
1807,Harper Beauty Lake William Plaza,Harper Beauty Corp,Noah Rhodes,Justin Baker
1808,Harper Beauty South Stephen Plaza,Harper Beauty Corp,Noah Rhodes,Justin Baker
1809,Harper Beauty Dunnville Gallery,Harper Beauty Corp,Noah Rhodes,Justin Baker
1810,Harper Beauty West Jillstad Market,Harper Beauty Corp,Noah Rhodes,Justin Baker
1811,Harper Beauty East Cindyfort Store,Harper Beauty Corp,Noah Rhodes,Justin Baker
1812,Harper Beauty Port Aliceport Outlet,Harper Beauty Corp,Noah Rhodes,Justin Baker
1813,Harper Beauty Cookside Boutique,Harper Beauty Corp,Noah Rhodes,Justin Baker
1814,Harper Beauty Port Staceystad Store,Harper Beauty Corp,Noah Rhodes,Justin Baker
1815,Harper Beauty Lake Chelsea Corner,Harper Beauty Corp,Noah Rhodes,Justin Baker
1816,Harper Beauty Deborahton Outlet,Harper Beauty Corp,Noah Rhodes,Justin Baker
1817,Harper Beauty New Carlosside Outlet,Harper Beauty Corp,Noah Rhodes,Justin Baker
1818,Harper Beauty South Roy Plaza,Harper Beauty Corp,Noah Rhodes,Justin Baker
1819,Harper Beauty Ramirezville Shop,Harper Beauty Corp,Noah Rhodes,Justin Baker
1820,Harper Beauty Lake Melissamouth Market,Harper Beauty Corp,Noah Rhodes,Justin Baker
1821,Harper Beauty North Davidfurt Gallery,Harper Beauty Corp,Noah Rhodes,Justin Baker
1822,Harper Beauty New Michaelberg Plaza,Harper Beauty Corp,Noah Rhodes,Justin Baker
1823,Harper Beauty Lake Michelle Plaza,Harper Beauty Corp,Noah Rhodes,Justin Baker
1824,Harper Beauty West Brianna Plaza,Harper Beauty Corp,Noah Rhodes,Justin Baker
1825,Harper Beauty Erikside Shop,Harper Beauty Corp,Noah Rhodes,Justin Baker
1826,Harper Beauty East Karen Boutique,Harper Beauty Corp,Noah Rhodes,Justin Baker
1827,Harper Beauty Teresaside Corner,Harper Beauty Corp,Noah Rhodes,Justin Baker
1828,Harper Beauty Nathanielport Boutique,Harper Beauty Corp,Noah Rhodes,Justin Baker
1829,Harper Beauty Maxwellhaven Outlet,Harper Beauty Corp,Noah Rhodes,Justin Baker
1830,Harper Beauty Port Arthurtown Shop,Harper Beauty Corp,Noah Rhodes,Justin Baker
1831,Harper Beauty Tonyville Market,Harper Beauty Corp,Noah Rhodes,Justin Baker
1832,Harper Beauty Anneborough Store,Harper Beauty Corp,Noah Rhodes,Justin Baker
1833,Harper Beauty Hernandezhaven Store,Harper Beauty Corp,Noah Rhodes,Justin Baker
1834,Harper Beauty Kellytown Store,Harper Beauty Corp,Noah Rhodes,Justin Baker
1835,Harper Beauty Bryantside Gallery,Harper Beauty Corp,Noah Rhodes,Justin Baker
1836,Harper Beauty Elizabethfort Plaza,Harper Beauty Corp,Noah Rhodes,Justin Baker
1837,Harper Beauty West Robertborough Plaza,Harper Beauty Corp,Noah Rhodes,Justin Baker
1838,Harper Beauty Greenemouth Plaza,Harper Beauty Corp,Noah Rhodes,Justin Baker
1839,Harper Beauty Courtneyton Boutique,Harper Beauty Corp,Noah Rhodes,Justin Baker
1840,Harper Beauty East Michelle Gallery,Harper Beauty Corp,Noah Rhodes,Justin Baker
1841,Harper Beauty South Amandamouth Corner,Harper Beauty Corp,Noah Rhodes,Justin Baker
1842,Harper Beauty Adammouth Store,Harper Beauty Corp,Noah Rhodes,Justin Baker
1843,Harper Beauty Shannonborough Boutique,Harper Beauty Corp,Noah Rhodes,Justin Baker
1844,Harper Beauty South Casey Boutique,Harper Beauty Corp,Noah Rhodes,Justin Baker
1845,Harper Beauty South Joannashire Store,Harper Beauty Corp,Noah Rhodes,Justin Baker
1846,Harper Beauty Johnsonview Market,Harper Beauty Corp,Noah Rhodes,Justin Baker
1847,Harper Beauty Esparzaside Market,Harper Beauty Corp,Noah Rhodes,Justin Baker
1848,Harper Beauty Matthewshire Market,Harper Beauty Corp,Noah Rhodes,Justin Baker
1849,Harper Beauty Lake Jasonhaven Boutique,Harper Beauty Corp,Noah Rhodes,Justin Baker
1850,Harper Beauty Allisonside Gallery,Harper Beauty Corp,Noah Rhodes,Justin Baker
1851,Harper Beauty South Allison Store,Harper Beauty Corp,Noah Rhodes,Justin Baker
1852,Harper Beauty Millerborough Store,Harper Beauty Corp,Noah Rhodes,Justin Baker
1853,Harper Beauty East Wesley Gallery,Harper Beauty Corp,Noah Rhodes,Justin Baker
1854,Harper Beauty Port Benjamin Outlet,Harper Beauty Corp,Noah Rhodes,Justin Baker
1855,Harper Beauty Lake Pamela Boutique,Harper Beauty Corp,Noah Rhodes,Justin Baker
1856,Harper Beauty South Karen Gallery,Harper Beauty Corp,Noah Rhodes,Justin Baker
1857,Harper Beauty Port Brian Store,Harper Beauty Corp,Noah Rhodes,Justin Baker
1858,Harper Beauty Paulbury Corner,Harper Beauty Corp,Noah Rhodes,Justin Baker
1859,Nicholson Fragrance North Markburgh Outlet,Nicholson Fragrance Group,Connie Lawrence,Anthony Rodriguez
1860,Oliver Cosmetics East Laura Boutique,Oliver Cosmetics Group,Dylan Miller,Stephanie Ross
1861,Nicholson Fragrance West Maria Corner,Nicholson Fragrance Group,Connie Lawrence,Anthony Rodriguez
1862,Howard Parfum West Natalie Shop,Howard Parfum Holding,Brian Ramirez,Zachary Hicks
1863,Howard Parfum Susanville Store,Howard Parfum Holding,Brian Ramirez,Zachary Hicks
1864,Howard Parfum Rodgersbury Gallery,Howard Parfum Holding,Brian Ramirez,Zachary Hicks
1865,King Cosmetics Davistown Store,King Cosmetics Group,Dylan Miller,Stephanie Ross
1866,West Fragrance Jacksonburgh Gallery,West Fragrance Holding,Dylan Miller,Stephanie Ross
1867,Nicholson Fragrance Port Laurenstad Market,Nicholson Fragrance Group,Connie Lawrence,Anthony Rodriguez
1868,Harvey Beauty North David Plaza,Harvey Beauty Corp,Carla Gray,Zachary Hicks
1869,Oliver Cosmetics Vazquezberg Market,Oliver Cosmetics Group,Dylan Miller,Stephanie Ross
1870,Oliver Cosmetics Martinfurt Outlet,Oliver Cosmetics Group,Dylan Miller,Stephanie Ross
1871,Oliver Cosmetics Harrisonfort Boutique,Oliver Cosmetics Group,Dylan Miller,Stephanie Ross
1872,Oliver Cosmetics Lake Scottport Outlet,Oliver Cosmetics Group,Dylan Miller,Stephanie Ross
1873,Oliver Cosmetics Lake Heathermouth Market,Oliver Cosmetics Group,Dylan Miller,Stephanie Ross
1874,Oliver Cosmetics Lake Heatherburgh Market,Oliver Cosmetics Group,Dylan Miller,Stephanie Ross
1875,Oliver Cosmetics Brittanyville Boutique,Oliver Cosmetics Group,Dylan Miller,Stephanie Ross
1876,Vazquez Scents Lake Brandonmouth Plaza,Vazquez Scents Corp,Carla Gray,Zachary Hicks
1877,Johnson Beauty South Dawn Plaza,Johnson Beauty Corp,Carla Gray,Zachary Hicks
1878,Cox Scents Walshhaven Gallery,Cox Scents Holding,Dylan Miller,Stephanie Ross
1879,Nicholson Fragrance Brandonport Boutique,Nicholson Fragrance Group,Connie Lawrence,Anthony Rodriguez
1880,Roman Parfum Lake Keithville Plaza,Roman Parfum Corp,Ethan Adams,Rebecca Henderson
1881,Johnson Parfum Rhondahaven Plaza,Johnson Parfum Corp,Lisa Jackson,Stephanie Ross
1882,Young Beauty Elizabethville Boutique,Young Beauty Corp,Lisa Hensley,Stephanie Ross
1883,Martin Cosmetics Matthewside Shop,Martin Cosmetics Group,Gina Moore,Zachary Hicks
1884,King Cosmetics Christyport Outlet,King Cosmetics Holding,Carla Gray,Zachary Hicks
1885,Campbell Scents New Holly Market,Campbell Scents Holding,Carla Gray,Zachary Hicks
1886,Dean Scents North Adamfort Gallery,Dean Scents Group,Ethan Adams,Rebecca Henderson
1887,Campbell Cosmetics North Oliviaberg Store,Campbell Cosmetics Holding,Brian Ramirez,Zachary Hicks
1888,Harper Beauty Beckshire Market,Harper Beauty Corp,Noah Rhodes,Justin Baker
1889,Harper Beauty Farrellside Market,Harper Beauty Corp,Noah Rhodes,Justin Baker
1890,Harper Beauty Chaseland Gallery,Harper Beauty Corp,Noah Rhodes,Justin Baker
1891,Nicholson Fragrance Dennisland Outlet,Nicholson Fragrance Group,Connie Lawrence,Anthony Rodriguez
1892,Delgado Parfum Johnland Outlet,Delgado Parfum Holding,Ethan Adams,Rebecca Henderson
1893,Aguirre Parfum Warrenborough Shop,Aguirre Parfum Group,Ethan Adams,Rebecca Henderson
1894,Castillo Beauty South Jennifer Corner,Castillo Beauty Holding,Ethan Adams,Rebecca Henderson
1895,Hudson Fragrance South Pamelafort Plaza,Hudson Fragrance Holding,Gina Moore,Zachary Hicks
1896,Parks Cosmetics Johnsontown Shop,Parks Cosmetics Group,Allison Hill,Judy Baker
1897,Hines Scents Nicholastown Outlet,Hines Scents Corp,Connie Lawrence,Anthony Rodriguez
1898,Martin Cosmetics New Richardland Gallery,Martin Cosmetics Group,Gina Moore,Zachary Hicks
1899,Hines Scents Port John Boutique,Hines Scents Corp,Connie Lawrence,Anthony Rodriguez
1900,Moore Fragrance Port Vanessa Market,Moore Fragrance Group,Lisa Hensley,Stephanie Ross
1901,Nicholson Fragrance North Kelseyburgh Store,Nicholson Fragrance Group,Connie Lawrence,Anthony Rodriguez
1902,Nicholson Fragrance Michelleview Boutique,Nicholson Fragrance Group,Connie Lawrence,Anthony Rodriguez
1903,Parks Cosmetics Aprilport Gallery,Parks Cosmetics Group,Allison Hill,Judy Baker
1904,Washington Scents Michelleshire Shop,Washington Scents Corp,Allison Hill,Judy Baker
1905,Miranda Parfum Port Paul Plaza,Miranda Parfum Corp,Ethan Adams,Rebecca Henderson
1906,Morris Cosmetics Port Lindsey Shop,Morris Cosmetics Holding,Jamie Arnold,Zachary Hicks
1907,Harrington Fragrance Kochshire Store,Harrington Fragrance Corp,Margaret Hawkins Dds,Stephanie Ross
1908,Harrington Fragrance Clayhaven Outlet,Harrington Fragrance Corp,Margaret Hawkins Dds,Stephanie Ross
1909,Harrington Fragrance Rodriguezfort Market,Harrington Fragrance Corp,Margaret Hawkins Dds,Stephanie Ross
1910,Barker Fragrance North Danny Store,Barker Fragrance Group,Margaret Hawkins Dds,Stephanie Ross
1911,Harrington Fragrance Michaelberg Market,Harrington Fragrance Corp,Margaret Hawkins Dds,Stephanie Ross
1912,Harrington Fragrance Daniellefort Shop,Harrington Fragrance Corp,Margaret Hawkins Dds,Stephanie Ross
1913,Harrington Fragrance West Robertbury Boutique,Harrington Fragrance Corp,Margaret Hawkins Dds,Stephanie Ross
1914,Harrington Fragrance Chanton Boutique,Harrington Fragrance Corp,Margaret Hawkins Dds,Stephanie Ross
1915,Harrington Fragrance Lake Yvonne Plaza,Harrington Fragrance Corp,Margaret Hawkins Dds,Stephanie Ross
1916,Harrington Fragrance Jordanfurt Store,Harrington Fragrance Corp,Margaret Hawkins Dds,Stephanie Ross
1917,Harrington Fragrance Baldwinberg Shop,Harrington Fragrance Corp,Margaret Hawkins Dds,Stephanie Ross
1918,Nicholson Fragrance Lake Robert Store,Nicholson Fragrance Group,Connie Lawrence,Anthony Rodriguez
1919,Love Fragrance Lake Erikside Gallery,Love Fragrance Holding,Margaret Hawkins Dds,Stephanie Ross
1920,Oliver Cosmetics Johnfurt Boutique,Oliver Cosmetics Group,Dylan Miller,Stephanie Ross
1921,Turner Beauty South Kelly Boutique,Turner Beauty Holding,Monica Herrera,Stephanie Ross
1922,Nicholson Fragrance Lisafurt Outlet,Nicholson Fragrance Group,Connie Lawrence,Anthony Rodriguez
1923,Nicholson Fragrance Rickyview Corner,Nicholson Fragrance Group,Connie Lawrence,Anthony Rodriguez
1924,Nicholson Fragrance Tylershire Market,Nicholson Fragrance Group,Connie Lawrence,Anthony Rodriguez
1925,Nicholson Fragrance Garciaville Shop,Nicholson Fragrance Group,Connie Lawrence,Anthony Rodriguez
1926,Stevens Cosmetics North Nicoletown Boutique,Stevens Cosmetics Holding,Ethan Adams,Rebecca Henderson
1927,Solomon Cosmetics Elizabethstad Boutique,Solomon Cosmetics Holding,Lisa Hensley,Stephanie Ross
1928,Solomon Cosmetics Derekfurt Market,Solomon Cosmetics Holding,Lisa Hensley,Stephanie Ross
1929,Houston Beauty East Kenneth Store,Houston Beauty Holding,Carla Gray,Zachary Hicks
1930,Lopez Beauty Port Hollybury Gallery,Lopez Beauty Corp,Ethan Adams,Rebecca Henderson
1931,Harper Beauty Clarkfort Store,Harper Beauty Corp,Noah Rhodes,Justin Baker
1932,Nicholson Fragrance West Michele Boutique,Nicholson Fragrance Group,Connie Lawrence,Anthony Rodriguez
1933,King Cosmetics South Brianchester Plaza,King Cosmetics Holding,Brian Ramirez,Zachary Hicks
1934,Bright Scents Port Lauren Gallery,Bright Scents Corp,Jamie Arnold,Zachary Hicks
1935,Montes Cosmetics West Jacob Gallery,Montes Cosmetics Corp,Ethan Adams,Rebecca Henderson
1936,Ward Cosmetics East Sabrinaburgh Shop,Ward Cosmetics Group,Connie Lawrence,Anthony Rodriguez
1937,Lee Beauty East Cassandra Shop,Lee Beauty Holding,Monica Herrera,Stephanie Ross
1938,Carlson Fragrance Jamestown Boutique,Carlson Fragrance Holding,Gina Moore,Zachary Hicks
1939,Mitchell Cosmetics South Melissa Market,Mitchell Cosmetics Corp,Allison Hill,Judy Baker
1940,Parks Cosmetics West Kim Corner,Parks Cosmetics Group,Allison Hill,Judy Baker
1941,Parks Cosmetics Meltonside Outlet,Parks Cosmetics Group,Allison Hill,Judy Baker
1942,Kaufman Scents New Brooke Market,Kaufman Scents Holding,Margaret Hawkins Dds,Stephanie Ross
1943,Kaufman Scents New Mary Corner,Kaufman Scents Holding,Margaret Hawkins Dds,Stephanie Ross
1944,Kaufman Scents East Timothyfort Market,Kaufman Scents Holding,Margaret Hawkins Dds,Stephanie Ross
1945,Kaufman Scents South Heather Store,Kaufman Scents Holding,Margaret Hawkins Dds,Stephanie Ross
1946,Kaufman Scents East Andrewside Shop,Kaufman Scents Holding,Margaret Hawkins Dds,Stephanie Ross
1947,Kaufman Scents Brooksstad Store,Kaufman Scents Holding,Margaret Hawkins Dds,Stephanie Ross
1948,Kaufman Scents Lake Bradleyfort Store,Kaufman Scents Holding,Margaret Hawkins Dds,Stephanie Ross
1949,Kaufman Scents Parkton Gallery,Kaufman Scents Holding,Margaret Hawkins Dds,Stephanie Ross
1950,Nicholson Fragrance Philipchester Store,Nicholson Fragrance Group,Connie Lawrence,Anthony Rodriguez
1951,Molina Beauty New Darrell Plaza,Molina Beauty Corp,Carla Gray,Zachary Hicks
1952,Moore Beauty West Timothy Market,Moore Beauty Group,Connie Lawrence,Anthony Rodriguez
1953,Jones Cosmetics South Scottbury Corner,Jones Cosmetics Holding,Margaret Hawkins Dds,Stephanie Ross
1954,Reed Cosmetics North Ricky Market,Reed Cosmetics Corp,Lisa Hensley,Stephanie Ross
1955,Henderson Fragrance South Sarahville Boutique,Henderson Fragrance Group,Connie Lawrence,Anthony Rodriguez
1956,Molina Beauty Mendezshire Shop,Molina Beauty Corp,Carla Gray,Zachary Hicks
1957,Molina Beauty Farmerview Outlet,Molina Beauty Corp,Carla Gray,Zachary Hicks
1958,Nicholson Fragrance Port Kennethstad Plaza,Nicholson Fragrance Group,Connie Lawrence,Anthony Rodriguez
1959,Nicholson Fragrance North Georgeshire Boutique,Nicholson Fragrance Group,Connie Lawrence,Anthony Rodriguez
1960,Nicholson Fragrance New Michael Gallery,Nicholson Fragrance Group,Connie Lawrence,Anthony Rodriguez
1961,Solomon Cosmetics South Alicia Plaza,Solomon Cosmetics Holding,Brian Ramirez,Zachary Hicks
1962,Nicholson Fragrance Port Andrea Boutique,Nicholson Fragrance Group,Connie Lawrence,Anthony Rodriguez
1963,Reed Cosmetics East Brianburgh Boutique,Reed Cosmetics Corp,Lisa Hensley,Stephanie Ross
1964,Hudson Fragrance Jamieside Shop,Hudson Fragrance Holding,Gina Moore,Zachary Hicks
1965,Davis Fragrance East Justinview Market,Davis Fragrance Holding,Allison Hill,Judy Baker
1966,Davis Fragrance Mckeeborough Gallery,Davis Fragrance Holding,Allison Hill,Judy Baker
1967,Johnson Fragrance Garzaburgh Shop,Johnson Fragrance Holding,Brian Ramirez,Zachary Hicks
1968,Johnson Fragrance Barberberg Plaza,Johnson Fragrance Holding,Brian Ramirez,Zachary Hicks
1969,Porter Cosmetics Adkinschester Shop,Porter Cosmetics Holding,Monica Herrera,Stephanie Ross
1970,Johnson Fragrance Kramerview Market,Johnson Fragrance Holding,Brian Ramirez,Zachary Hicks
1971,Johnson Fragrance Port Penny Plaza,Johnson Fragrance Holding,Brian Ramirez,Zachary Hicks
1972,Wagner Cosmetics Lake Sabrina Market,Wagner Cosmetics Corp,Monica Herrera,Stephanie Ross
1973,Washington Scents New Lindaborough Store,Washington Scents Corp,Allison Hill,Judy Baker
1974,Lin Beauty East Jose Gallery,Lin Beauty Group,Monica Herrera,Stephanie Ross
1975,Arnold Fragrance Chavezmouth Store,Arnold Fragrance Group,Monica Herrera,Stephanie Ross
1976,Smith Cosmetics East Michael Corner,Smith Cosmetics Corp,Monica Herrera,Stephanie Ross
1977,Simmons Beauty Denisehaven Outlet,Simmons Beauty Corp,Ethan Adams,Rebecca Henderson
1978,Nicholson Fragrance North Richardview Boutique,Nicholson Fragrance Group,Connie Lawrence,Anthony Rodriguez
1979,Love Fragrance North Peter Gallery,Love Fragrance Holding,Margaret Hawkins Dds,Stephanie Ross
1980,Brown Fragrance Port Shawnton Boutique,Brown Fragrance Group,Lisa Jackson,Stephanie Ross
1981,Harper Beauty Lake Erin Plaza,Harper Beauty Corp,Noah Rhodes,Justin Baker
1982,Harper Beauty Chasehaven Boutique,Harper Beauty Corp,Noah Rhodes,Justin Baker
1983,Nicholson Fragrance Adammouth Corner,Nicholson Fragrance Group,Connie Lawrence,Anthony Rodriguez
1984,Harper Beauty Port Glenn Plaza,Harper Beauty Corp,Noah Rhodes,Justin Baker
1985,Harper Beauty Port Sheila Store,Harper Beauty Corp,Noah Rhodes,Justin Baker
1986,Nicholson Fragrance Fosterville Market,Nicholson Fragrance Group,Connie Lawrence,Anthony Rodriguez
1987,Hudson Fragrance New Michaelton Outlet,Hudson Fragrance Holding,Gina Moore,Zachary Hicks
1988,Hardin Beauty Jessicashire Shop,Hardin Beauty Holding,Dylan Miller,Stephanie Ross
1989,Bennett Fragrance Keithville Market,Bennett Fragrance Holding,Margaret Hawkins Dds,Stephanie Ross
1990,Nicholson Fragrance West Mitchellland Gallery,Nicholson Fragrance Group,Connie Lawrence,Anthony Rodriguez
1991,Harvey Scents Kyleberg Outlet,Harvey Scents Holding,Carla Gray,Zachary Hicks
1992,Hardin Beauty New Cameron Corner,Hardin Beauty Holding,Dylan Miller,Stephanie Ross
1993,Solomon Cosmetics East Pamelamouth Plaza,Solomon Cosmetics Holding,Brian Ramirez,Zachary Hicks
1994,Woods Fragrance Lake Harrystad Corner,Woods Fragrance Holding,Lisa Jackson,Stephanie Ross
1995,Hall Cosmetics West Elizabeth Boutique,Hall Cosmetics Holding,Connie Lawrence,Anthony Rodriguez
1996,Reed Cosmetics Powersburgh Market,Reed Cosmetics Corp,Lisa Hensley,Stephanie Ross
1997,Solomon Cosmetics West Robert Plaza,Solomon Cosmetics Holding,Lisa Hensley,Stephanie Ross
1998,Barker Fragrance Jordanburgh Shop,Barker Fragrance Group,Margaret Hawkins Dds,Stephanie Ross
1999,Nicholson Fragrance Nelsontown Gallery,Nicholson Fragrance Group,Connie Lawrence,Anthony Rodriguez
2000,Nicholson Fragrance North Hannah Store,Nicholson Fragrance Group,Connie Lawrence,Anthony Rodriguez
2001,Nicholson Fragrance New Kristen Plaza,Nicholson Fragrance Group,Connie Lawrence,Anthony Rodriguez
2002,Nicholson Fragrance East Julieport Gallery,Nicholson Fragrance Group,Connie Lawrence,Anthony Rodriguez
2003,Nicholson Fragrance Port Ruben Plaza,Nicholson Fragrance Group,Connie Lawrence,Anthony Rodriguez
2004,Rodriguez Scents North Albert Plaza,Rodriguez Scents Corp,Brian Ramirez,Zachary Hicks
2005,Nicholson Fragrance South Hayden Outlet,Nicholson Fragrance Group,Connie Lawrence,Anthony Rodriguez
2006,Nicholson Fragrance East Anthony Gallery,Nicholson Fragrance Group,Connie Lawrence,Anthony Rodriguez
2007,Lopez Cosmetics Smithtown Plaza,Lopez Cosmetics Group,Lisa Jackson,Stephanie Ross
2008,Young Parfum New Leeport Store,Young Parfum Corp,Lisa Hensley,Stephanie Ross
2009,Oliver Cosmetics North Patriciafort Gallery,Oliver Cosmetics Group,Dylan Miller,Stephanie Ross
2010,Calhoun Beauty Emilymouth Market,Calhoun Beauty Holding,Monica Herrera,Stephanie Ross
2011,Barnes Scents New Sarah Gallery,Barnes Scents Group,Monica Herrera,Stephanie Ross
2012,Nicholson Fragrance North Stephenmouth Shop,Nicholson Fragrance Group,Connie Lawrence,Anthony Rodriguez
2013,Nicholson Fragrance New Jessicaborough Boutique,Nicholson Fragrance Group,Connie Lawrence,Anthony Rodriguez
2014,Porter Parfum West Nicole Market,Porter Parfum Corp,Margaret Hawkins Dds,Stephanie Ross
2015,Nicholson Fragrance West Brenda Store,Nicholson Fragrance Group,Connie Lawrence,Anthony Rodriguez
2016,Kaufman Scents Caldwellmouth Shop,Kaufman Scents Holding,Margaret Hawkins Dds,Stephanie Ross
2017,Hardin Beauty New Kellyport Corner,Hardin Beauty Holding,Dylan Miller,Stephanie Ross
2018,English Scents Heathermouth Boutique,English Scents Group,Carla Gray,Zachary Hicks
2019,Woods Fragrance New Diana Plaza,Woods Fragrance Holding,Lisa Jackson,Stephanie Ross
2020,Summers Parfum Hendersonstad Shop,Summers Parfum Group,Carla Gray,Zachary Hicks
2021,Weaver Fragrance Huberport Shop,Weaver Fragrance Group,Ethan Adams,Rebecca Henderson
2022,Jackson Cosmetics Rosshaven Corner,Jackson Cosmetics Group,Connie Lawrence,Anthony Rodriguez
2023,Michael Fragrance Bennetthaven Outlet,Michael Fragrance Holding,Allison Hill,Judy Baker
2024,Cannon Scents Larryfort Plaza,Cannon Scents Group,Gina Moore,Zachary Hicks
2025,Hudson Fragrance Norrisshire Gallery,Hudson Fragrance Holding,Gina Moore,Zachary Hicks
2026,Nicholson Fragrance North Sarah Shop,Nicholson Fragrance Group,Connie Lawrence,Anthony Rodriguez
2027,Wood Beauty Nashside Store,Wood Beauty Group,Lisa Hensley,Stephanie Ross
2028,Brown Parfum Mooneymouth Outlet,Brown Parfum Holding,Lisa Hensley,Stephanie Ross
2029,Nicholson Fragrance Anthonymouth Gallery,Nicholson Fragrance Group,Connie Lawrence,Anthony Rodriguez
2030,Thomas Fragrance Lake Fredfurt Plaza,Thomas Fragrance Group,Dylan Miller,Stephanie Ross
2031,Lindsey Fragrance West Hannah Outlet,Lindsey Fragrance Group,Brian Ramirez,Zachary Hicks
2032,Bennett Parfum Lake Cherylchester Store,Bennett Parfum Corp,Monica Herrera,Stephanie Ross
2033,Dominguez Parfum Rebeccaberg Plaza,Dominguez Parfum Holding,Connie Lawrence,Anthony Rodriguez
2034,Thomas Cosmetics East Veronica Shop,Thomas Cosmetics Group,Ethan Adams,Rebecca Henderson
2035,Christensen Beauty Huntbury Gallery,Christensen Beauty Holding,Connie Lawrence,Anthony Rodriguez
2036,Lutz Beauty Harringtonland Plaza,Lutz Beauty Group,Brian Ramirez,Zachary Hicks
2037,Lane Scents Abigailhaven Market,Lane Scents Holding,Lisa Hensley,Stephanie Ross
2038,Guzman Scents West Franklinmouth Shop,Guzman Scents Holding,Carla Gray,Zachary Hicks
2039,Nicholson Fragrance West Chasehaven Market,Nicholson Fragrance Group,Connie Lawrence,Anthony Rodriguez
2040,Martin Beauty East Taraville Boutique,Martin Beauty Group,Cristian Santos,Zachary Hicks
2041,Underwood Fragrance West Ericachester Plaza,Underwood Fragrance Holding,Ethan Adams,Rebecca Henderson
2042,Kirk Fragrance Berryville Store,Kirk Fragrance Corp,Connie Lawrence,Anthony Rodriguez
2043,Kirk Fragrance Lake Troyton Boutique,Kirk Fragrance Corp,Connie Lawrence,Anthony Rodriguez
2044,Kirk Fragrance Chadstad Boutique,Kirk Fragrance Corp,Connie Lawrence,Anthony Rodriguez
2045,Kirk Fragrance South Melissatown Gallery,Kirk Fragrance Corp,Connie Lawrence,Anthony Rodriguez
2046,Kirk Fragrance North Rebeccashire Boutique,Kirk Fragrance Corp,Connie Lawrence,Anthony Rodriguez
2047,Kirk Fragrance Warnerfurt Outlet,Kirk Fragrance Corp,Connie Lawrence,Anthony Rodriguez
2048,Kirk Fragrance Jenningsland Boutique,Kirk Fragrance Corp,Connie Lawrence,Anthony Rodriguez
2049,Kirk Fragrance Patrickhaven Outlet,Kirk Fragrance Corp,Connie Lawrence,Anthony Rodriguez
2050,Kirk Fragrance Combsmouth Corner,Kirk Fragrance Corp,Connie Lawrence,Anthony Rodriguez
2051,Kirk Fragrance Mejiaburgh Shop,Kirk Fragrance Corp,Connie Lawrence,Anthony Rodriguez
2052,Kirk Fragrance Suarezburgh Outlet,Kirk Fragrance Corp,Connie Lawrence,Anthony Rodriguez
2053,Kirk Fragrance Lake Toddshire Plaza,Kirk Fragrance Corp,Connie Lawrence,Anthony Rodriguez
2054,Perkins Parfum Youngville Boutique,Perkins Parfum Corp,Jamie Arnold,Zachary Hicks
2055,Nicholson Fragrance West Loriview Outlet,Nicholson Fragrance Group,Connie Lawrence,Anthony Rodriguez
2056,Nicholson Fragrance Samanthaberg Outlet,Nicholson Fragrance Group,Connie Lawrence,Anthony Rodriguez
2057,Nicholson Fragrance New Susan Market,Nicholson Fragrance Group,Connie Lawrence,Anthony Rodriguez
2058,Ayala Scents Bryantown Plaza,Ayala Scents Holding,Gina Moore,Zachary Hicks
2059,Duran Fragrance East Eric Store,Duran Fragrance Holding,Connie Lawrence,Anthony Rodriguez
2060,Duran Fragrance Kyleton Corner,Duran Fragrance Holding,Connie Lawrence,Anthony Rodriguez
2061,Duran Fragrance Matthewville Shop,Duran Fragrance Holding,Connie Lawrence,Anthony Rodriguez
2062,Morris Parfum Lake Casey Outlet,Morris Parfum Group,Gina Moore,Zachary Hicks
2063,Duran Fragrance Scottside Store,Duran Fragrance Holding,Connie Lawrence,Anthony Rodriguez
2064,Duran Fragrance East Danielburgh Gallery,Duran Fragrance Holding,Connie Lawrence,Anthony Rodriguez
2065,Duran Fragrance North Brianton Corner,Duran Fragrance Holding,Connie Lawrence,Anthony Rodriguez
2066,Duran Fragrance Johnville Boutique,Duran Fragrance Holding,Connie Lawrence,Anthony Rodriguez
2067,Nicholson Fragrance South Joshuatown Plaza,Nicholson Fragrance Group,Connie Lawrence,Anthony Rodriguez
2068,Lindsey Fragrance East Lynnshire Corner,Lindsey Fragrance Group,Brian Ramirez,Zachary Hicks
2069,Keller Cosmetics Davilabury Store,Keller Cosmetics Group,Gina Moore,Zachary Hicks
2070,Sherman Beauty Lake James Shop,Sherman Beauty Group,Ethan Adams,Rebecca Henderson
2071,Green Scents South Jacobbury Corner,Green Scents Corp,Brian Ramirez,Zachary Hicks
2072,Parks Cosmetics Aprilfort Gallery,Parks Cosmetics Group,Allison Hill,Judy Baker
2073,Duran Fragrance Alexandriamouth Gallery,Duran Fragrance Holding,Connie Lawrence,Anthony Rodriguez
2074,Woods Fragrance North Judyberg Market,Woods Fragrance Holding,Lisa Jackson,Stephanie Ross
2075,Stewart Beauty Mcclurebury Shop,Stewart Beauty Group,Noah Rhodes,Justin Baker
2076,Stewart Beauty North Jasmine Gallery,Stewart Beauty Group,Noah Rhodes,Justin Baker
2077,Stewart Beauty East Brian Boutique,Stewart Beauty Group,Noah Rhodes,Justin Baker
2078,Michael Fragrance Danahaven Boutique,Michael Fragrance Holding,Allison Hill,Judy Baker
2079,Michael Fragrance Robbinsland Plaza,Michael Fragrance Holding,Allison Hill,Judy Baker
2080,Michael Fragrance Johnsonmouth Corner,Michael Fragrance Holding,Allison Hill,Judy Baker
2081,Nicholson Fragrance East Edwardmouth Store,Nicholson Fragrance Group,Connie Lawrence,Anthony Rodriguez
2082,Duran Fragrance Lake Sheri Outlet,Duran Fragrance Holding,Connie Lawrence,Anthony Rodriguez
2083,Duran Fragrance Johnsonborough Gallery,Duran Fragrance Holding,Connie Lawrence,Anthony Rodriguez
2084,Duran Fragrance Reedchester Gallery,Duran Fragrance Holding,Connie Lawrence,Anthony Rodriguez
2085,Michael Fragrance New Billyfurt Store,Michael Fragrance Holding,Allison Hill,Judy Baker
2086,Ortega Parfum New Bethstad Plaza,Ortega Parfum Corp,Allison Hill,Judy Baker
2087,Nicholson Fragrance West Cherylberg Plaza,Nicholson Fragrance Group,Connie Lawrence,Anthony Rodriguez
2088,Gomez Scents Jamesberg Boutique,Gomez Scents Corp,Gina Moore,Zachary Hicks
2089,Duran Fragrance East Michellestad Market,Duran Fragrance Holding,Connie Lawrence,Anthony Rodriguez
2090,Duran Fragrance Port Selenatown Market,Duran Fragrance Holding,Connie Lawrence,Anthony Rodriguez
2091,Mccormick Beauty Lake Elijah Boutique,Mccormick Beauty Holding,Jamie Arnold,Zachary Hicks
2092,Collins Scents Meadowshaven Shop,Collins Scents Corp,Lisa Hensley,Stephanie Ross
2093,Duran Fragrance Henrystad Gallery,Duran Fragrance Holding,Connie Lawrence,Anthony Rodriguez
2094,Duran Fragrance Port Andrea Store,Duran Fragrance Holding,Connie Lawrence,Anthony Rodriguez
2095,Duran Fragrance Wendyhaven Store,Duran Fragrance Holding,Connie Lawrence,Anthony Rodriguez
2096,Reed Cosmetics South Christyshire Plaza,Reed Cosmetics Corp,Lisa Hensley,Stephanie Ross
2097,Duran Fragrance West Jeffrey Market,Duran Fragrance Holding,Connie Lawrence,Anthony Rodriguez
2098,Duran Fragrance Port Alexandra Shop,Duran Fragrance Holding,Connie Lawrence,Anthony Rodriguez
2099,Duran Fragrance North Jamesville Boutique,Duran Fragrance Holding,Connie Lawrence,Anthony Rodriguez
2100,Duran Fragrance East Dennis Gallery,Duran Fragrance Holding,Connie Lawrence,Anthony Rodriguez
2101,Duran Fragrance Guerreromouth Boutique,Duran Fragrance Holding,Connie Lawrence,Anthony Rodriguez
2102,Duran Fragrance Aaronbury Market,Duran Fragrance Holding,Connie Lawrence,Anthony Rodriguez
2103,Duran Fragrance Calebmouth Gallery,Duran Fragrance Holding,Connie Lawrence,Anthony Rodriguez
2104,Duran Fragrance Hernandezhaven Plaza,Duran Fragrance Holding,Connie Lawrence,Anthony Rodriguez
2105,Duran Fragrance Port Benjaminfort Boutique,Duran Fragrance Holding,Connie Lawrence,Anthony Rodriguez
2106,Henderson Fragrance South Justinmouth Outlet,Henderson Fragrance Group,Connie Lawrence,Anthony Rodriguez
2107,Duran Fragrance Scottland Corner,Duran Fragrance Holding,Connie Lawrence,Anthony Rodriguez
2108,Olson Beauty Cummingsview Shop,Olson Beauty Corp,Connie Lawrence,Anthony Rodriguez
2109,Harris Scents South Meganstad Plaza,Harris Scents Corp,Cristian Santos,Zachary Hicks
2110,Duran Fragrance South Brittany Plaza,Duran Fragrance Holding,Connie Lawrence,Anthony Rodriguez
2111,Duran Fragrance North Patriciamouth Gallery,Duran Fragrance Holding,Connie Lawrence,Anthony Rodriguez
2112,Duran Fragrance West Laura Plaza,Duran Fragrance Holding,Connie Lawrence,Anthony Rodriguez
2113,Duran Fragrance Stephaniehaven Outlet,Duran Fragrance Holding,Connie Lawrence,Anthony Rodriguez
2114,Adams Parfum Taylorton Plaza,Adams Parfum Group,Lisa Jackson,Stephanie Ross
2115,Gomez Fragrance Pettyshire Market,Gomez Fragrance Holding,Brian Ramirez,Zachary Hicks
2116,Parks Cosmetics Nicolemouth Gallery,Parks Cosmetics Group,Allison Hill,Judy Baker
2117,King Cosmetics Richardsonshire Plaza,King Cosmetics Holding,Carla Gray,Zachary Hicks
2118,Duran Fragrance West Wayneburgh Gallery,Duran Fragrance Holding,Connie Lawrence,Anthony Rodriguez
2119,Nicholson Fragrance Lake Kevinberg Boutique,Nicholson Fragrance Group,Connie Lawrence,Anthony Rodriguez
2120,Duran Fragrance Aaronfort Corner,Duran Fragrance Holding,Connie Lawrence,Anthony Rodriguez
2121,Duran Fragrance Port Matthewburgh Corner,Duran Fragrance Holding,Connie Lawrence,Anthony Rodriguez
2122,Duran Fragrance West Thomas Gallery,Duran Fragrance Holding,Connie Lawrence,Anthony Rodriguez
2123,Henderson Cosmetics North David Corner,Henderson Cosmetics Group,Connie Lawrence,Anthony Rodriguez
2124,Duran Fragrance Joshuamouth Store,Duran Fragrance Holding,Connie Lawrence,Anthony Rodriguez
2125,Duran Fragrance North Debbie Boutique,Duran Fragrance Holding,Connie Lawrence,Anthony Rodriguez
2126,Duran Fragrance West Vanessatown Boutique,Duran Fragrance Holding,Connie Lawrence,Anthony Rodriguez
2127,Burke Scents Jonathanberg Shop,Burke Scents Holding,Connie Lawrence,Anthony Rodriguez
2128,Duran Fragrance North Juliemouth Shop,Duran Fragrance Holding,Connie Lawrence,Anthony Rodriguez
2129,Kaufman Scents Andersonberg Store,Kaufman Scents Holding,Margaret Hawkins Dds,Stephanie Ross
2130,Parks Cosmetics Nicholsonland Market,Parks Cosmetics Group,Allison Hill,Judy Baker
2131,Duran Fragrance Davisburgh Corner,Duran Fragrance Holding,Connie Lawrence,Anthony Rodriguez
2132,Graham Fragrance East Anthonyborough Outlet,Graham Fragrance Corp,Connie Lawrence,Anthony Rodriguez
2133,Duran Fragrance South Michelle Plaza,Duran Fragrance Holding,Connie Lawrence,Anthony Rodriguez
2134,Nicholson Fragrance Jessicachester Store,Nicholson Fragrance Group,Connie Lawrence,Anthony Rodriguez
2135,Washington Scents Victoriaport Corner,Washington Scents Corp,Allison Hill,Judy Baker
2136,Nicholson Fragrance Kylebury Boutique,Nicholson Fragrance Group,Connie Lawrence,Anthony Rodriguez
2137,Elliott Beauty Michaelport Boutique,Elliott Beauty Group,Carla Gray,Zachary Hicks
2138,Hudson Fragrance Catherinebury Market,Hudson Fragrance Holding,Gina Moore,Zachary Hicks
2139,Duran Fragrance East Joe Boutique,Duran Fragrance Holding,Connie Lawrence,Anthony Rodriguez
2140,Duran Fragrance West Monica Plaza,Duran Fragrance Holding,Connie Lawrence,Anthony Rodriguez
2141,Duran Fragrance Bradshawfort Store,Duran Fragrance Holding,Connie Lawrence,Anthony Rodriguez
2142,Weber Scents East Anthony Outlet,Weber Scents Corp,Margaret Hawkins Dds,Stephanie Ross
2143,Trujillo Scents East Natalie Plaza,Trujillo Scents Corp,Ethan Adams,Rebecca Henderson
2144,Duran Fragrance Ashleyside Outlet,Duran Fragrance Holding,Connie Lawrence,Anthony Rodriguez
2145,Duran Fragrance South Vanessamouth Plaza,Duran Fragrance Holding,Connie Lawrence,Anthony Rodriguez
2146,Collins Scents Collierbury Corner,Collins Scents Corp,Lisa Hensley,Stephanie Ross
2147,Duran Fragrance North Gary Outlet,Duran Fragrance Holding,Connie Lawrence,Anthony Rodriguez
2148,Duran Fragrance Samuelhaven Plaza,Duran Fragrance Holding,Connie Lawrence,Anthony Rodriguez
2149,Duran Fragrance East Lindseytown Shop,Duran Fragrance Holding,Connie Lawrence,Anthony Rodriguez
2150,Navarro Parfum Millerfurt Boutique,Navarro Parfum Corp,Carla Gray,Zachary Hicks
2151,Lane Scents West Aprilchester Gallery,Lane Scents Holding,Lisa Hensley,Stephanie Ross
2152,Rice Scents Suzanneside Corner,Rice Scents Holding,Connie Lawrence,Anthony Rodriguez
2153,Nicholson Fragrance Brittanyfort Corner,Nicholson Fragrance Group,Connie Lawrence,Anthony Rodriguez
2154,Nicholson Fragrance Port Richard Store,Nicholson Fragrance Group,Connie Lawrence,Anthony Rodriguez
2155,Nicholson Fragrance New Rachel Plaza,Nicholson Fragrance Group,Connie Lawrence,Anthony Rodriguez
2156,Cohen Fragrance Johnshire Market,Cohen Fragrance Group,Monica Herrera,Stephanie Ross
2157,Duran Fragrance Chrisside Store,Duran Fragrance Holding,Connie Lawrence,Anthony Rodriguez
2158,Houston Beauty Port Chelsealand Store,Houston Beauty Holding,Carla Gray,Zachary Hicks
2159,Moody Beauty North Christophermouth Store,Moody Beauty Group,Cristian Santos,Zachary Hicks
2160,Estrada Fragrance Bowersstad Gallery,Estrada Fragrance Group,Lisa Hensley,Stephanie Ross
2161,Duran Fragrance South Angela Shop,Duran Fragrance Holding,Connie Lawrence,Anthony Rodriguez
2162,Duran Fragrance Stoutborough Gallery,Duran Fragrance Holding,Connie Lawrence,Anthony Rodriguez
2163,Duran Fragrance Port Beth Gallery,Duran Fragrance Holding,Connie Lawrence,Anthony Rodriguez
2164,Washington Scents East Tyler Shop,Washington Scents Corp,Allison Hill,Judy Baker
2165,Molina Beauty North Jenniferberg Store,Molina Beauty Corp,Carla Gray,Zachary Hicks
2166,Molina Beauty Aaronton Gallery,Molina Beauty Corp,Carla Gray,Zachary Hicks
2167,Reed Cosmetics Derrickburgh Plaza,Reed Cosmetics Corp,Lisa Hensley,Stephanie Ross
2168,Duran Fragrance Reedtown Plaza,Duran Fragrance Holding,Connie Lawrence,Anthony Rodriguez
2169,Duran Fragrance Saundersfurt Gallery,Duran Fragrance Holding,Connie Lawrence,Anthony Rodriguez
2170,Duran Fragrance South Davidtown Plaza,Duran Fragrance Holding,Connie Lawrence,Anthony Rodriguez
2171,Reed Cosmetics South April Plaza,Reed Cosmetics Corp,Lisa Hensley,Stephanie Ross
2172,Lopez Cosmetics Kempville Market,Lopez Cosmetics Group,Lisa Jackson,Stephanie Ross
2173,Duran Fragrance New Jesse Plaza,Duran Fragrance Holding,Connie Lawrence,Anthony Rodriguez
2174,Navarro Parfum Robertview Store,Navarro Parfum Corp,Carla Gray,Zachary Hicks
2175,Gordon Scents Leehaven Corner,Gordon Scents Holding,Lisa Hensley,Stephanie Ross
2176,Eaton Fragrance East Mathewview Plaza,Eaton Fragrance Holding,Carla Gray,Zachary Hicks
2177,Eaton Fragrance Francischester Gallery,Eaton Fragrance Holding,Carla Gray,Zachary Hicks
2178,Rodriguez Scents Kennethmouth Shop,Rodriguez Scents Corp,Brian Ramirez,Zachary Hicks
2179,Rodriguez Scents West Katie Store,Rodriguez Scents Corp,Brian Ramirez,Zachary Hicks
2180,Mclaughlin Beauty Garciaburgh Gallery,Mclaughlin Beauty Holding,Carla Gray,Zachary Hicks
2181,Duran Fragrance East Patrickmouth Corner,Duran Fragrance Holding,Connie Lawrence,Anthony Rodriguez
2182,Duran Fragrance South Johnstad Plaza,Duran Fragrance Holding,Connie Lawrence,Anthony Rodriguez
2183,Duran Fragrance Gloverview Corner,Duran Fragrance Holding,Connie Lawrence,Anthony Rodriguez
2184,Duran Fragrance East Crystal Market,Duran Fragrance Holding,Connie Lawrence,Anthony Rodriguez
2185,Duran Fragrance Arthurborough Market,Duran Fragrance Holding,Connie Lawrence,Anthony Rodriguez
2186,Nicholson Fragrance Petersside Corner,Nicholson Fragrance Group,Connie Lawrence,Anthony Rodriguez
2187,Ellis Beauty Port Stephanie Store,Ellis Beauty Corp,Monica Herrera,Stephanie Ross
2188,Duran Fragrance Lake Darius Market,Duran Fragrance Holding,Connie Lawrence,Anthony Rodriguez
2189,Duran Fragrance West Michellebury Gallery,Duran Fragrance Holding,Connie Lawrence,Anthony Rodriguez
2190,Tran Fragrance Richardsonbury Corner,Tran Fragrance Group,Ryan Munoz,Judy Baker
2191,Tran Fragrance Lake Cory Outlet,Tran Fragrance Group,Ryan Munoz,Judy Baker
2192,Tran Fragrance South Laura Outlet,Tran Fragrance Group,Ryan Munoz,Judy Baker
2193,Tran Fragrance Carlaview Store,Tran Fragrance Group,Ryan Munoz,Judy Baker
2194,Nicholson Fragrance South Michael Plaza,Nicholson Fragrance Group,Connie Lawrence,Anthony Rodriguez
2195,Nicholson Fragrance South Melanie Shop,Nicholson Fragrance Group,Connie Lawrence,Anthony Rodriguez
2196,Duran Fragrance South Stephanieberg Outlet,Duran Fragrance Holding,Connie Lawrence,Anthony Rodriguez
2197,Duran Fragrance Lake James Corner,Duran Fragrance Holding,Connie Lawrence,Anthony Rodriguez
2198,Molina Beauty North Heatherbury Gallery,Molina Beauty Corp,Carla Gray,Zachary Hicks
2199,Molina Beauty Davidfurt Plaza,Molina Beauty Corp,Carla Gray,Zachary Hicks
2200,Jordan Beauty Madisonmouth Plaza,Jordan Beauty Corp,Gina Moore,Zachary Hicks
2201,King Cosmetics South Matthew Shop,King Cosmetics Holding,Brian Ramirez,Zachary Hicks
2202,Wood Beauty Johnsonton Shop,Wood Beauty Group,Lisa Hensley,Stephanie Ross
2203,Duran Fragrance Murraystad Plaza,Duran Fragrance Holding,Connie Lawrence,Anthony Rodriguez
2204,Duran Fragrance Elizabethchester Corner,Duran Fragrance Holding,Connie Lawrence,Anthony Rodriguez
2205,Nicholson Fragrance Miahaven Gallery,Nicholson Fragrance Group,Connie Lawrence,Anthony Rodriguez
2206,Duran Fragrance Port Adamborough Store,Duran Fragrance Holding,Connie Lawrence,Anthony Rodriguez
2207,Moreno Cosmetics East Markhaven Boutique,Moreno Cosmetics Corp,Brian Ramirez,Zachary Hicks
2208,Perez Beauty Cookburgh Plaza,Perez Beauty Holding,Dylan Miller,Stephanie Ross
2209,Kaufman Scents East Diane Corner,Kaufman Scents Holding,Margaret Hawkins Dds,Stephanie Ross
2210,Duran Fragrance Port Chelsea Corner,Duran Fragrance Holding,Connie Lawrence,Anthony Rodriguez
2211,Duran Fragrance Transtad Outlet,Duran Fragrance Holding,Connie Lawrence,Anthony Rodriguez
2212,Price Parfum North Joshua Store,Price Parfum Holding,Jamie Arnold,Zachary Hicks
2213,Duran Fragrance New Tylermouth Store,Duran Fragrance Holding,Connie Lawrence,Anthony Rodriguez
2214,Price Parfum East Robert Plaza,Price Parfum Holding,Jamie Arnold,Zachary Hicks
2215,Duran Fragrance Jessicaland Shop,Duran Fragrance Holding,Connie Lawrence,Anthony Rodriguez
2216,Burton Fragrance Gregoryland Shop,Burton Fragrance Group,Jamie Arnold,Zachary Hicks
2217,King Cosmetics Nathanberg Boutique,King Cosmetics Holding,Brian Ramirez,Zachary Hicks
2218,Collins Scents Port Stevenland Shop,Collins Scents Corp,Lisa Hensley,Stephanie Ross
2219,Duran Fragrance New Monique Shop,Duran Fragrance Holding,Connie Lawrence,Anthony Rodriguez
2220,Duran Fragrance West Amy Gallery,Duran Fragrance Holding,Connie Lawrence,Anthony Rodriguez
2221,Mitchell Scents Mosesfurt Shop,Mitchell Scents Corp,Margaret Hawkins Dds,Stephanie Ross
2222,Duran Fragrance Lisaton Market,Duran Fragrance Holding,Connie Lawrence,Anthony Rodriguez
2223,Nicholson Fragrance Johnport Plaza,Nicholson Fragrance Group,Connie Lawrence,Anthony Rodriguez
2224,Nicholson Fragrance Lake Vanessa Market,Nicholson Fragrance Group,Connie Lawrence,Anthony Rodriguez
2225,Nicholson Fragrance Port Loriton Market,Nicholson Fragrance Group,Connie Lawrence,Anthony Rodriguez
2226,Nicholson Fragrance North Glenn Gallery,Nicholson Fragrance Group,Connie Lawrence,Anthony Rodriguez
2227,Nicholson Fragrance Dunnchester Plaza,Nicholson Fragrance Group,Connie Lawrence,Anthony Rodriguez
2228,Nicholson Fragrance New Michael Shop,Nicholson Fragrance Group,Connie Lawrence,Anthony Rodriguez
2229,Smith Beauty Lake Kurtmouth Corner,Smith Beauty Corp,Connie Lawrence,Anthony Rodriguez
2230,Duran Fragrance Lake Mariamouth Boutique,Duran Fragrance Holding,Connie Lawrence,Anthony Rodriguez
2231,Duran Fragrance North Jared Plaza,Duran Fragrance Holding,Connie Lawrence,Anthony Rodriguez
2232,Duran Fragrance Port Chelsea Store,Duran Fragrance Holding,Connie Lawrence,Anthony Rodriguez
2233,Duran Fragrance Williamsmouth Boutique,Duran Fragrance Holding,Connie Lawrence,Anthony Rodriguez
2234,Harrington Fragrance North Monica Boutique,Harrington Fragrance Corp,Lisa Jackson,Stephanie Ross
2235,Duran Fragrance South Michelleton Shop,Duran Fragrance Holding,Connie Lawrence,Anthony Rodriguez
2236,Duran Fragrance North Sarahland Gallery,Duran Fragrance Holding,Connie Lawrence,Anthony Rodriguez
2237,Duran Fragrance New Lisaview Boutique,Duran Fragrance Holding,Connie Lawrence,Anthony Rodriguez
2238,Duran Fragrance Chelseaview Boutique,Duran Fragrance Holding,Connie Lawrence,Anthony Rodriguez
2239,Duran Fragrance New Amyland Corner,Duran Fragrance Holding,Connie Lawrence,Anthony Rodriguez
2240,Duran Fragrance North Steven Gallery,Duran Fragrance Holding,Connie Lawrence,Anthony Rodriguez
2241,Hall Cosmetics Joannbury Plaza,Hall Cosmetics Holding,Connie Lawrence,Anthony Rodriguez
2242,Lindsey Fragrance Anneberg Store,Lindsey Fragrance Group,Brian Ramirez,Zachary Hicks
2243,Benjamin Fragrance New Aaron Store,Benjamin Fragrance Group,Brian Ramirez,Zachary Hicks
2244,Arellano Scents Hillhaven Store,Arellano Scents Group,Carla Gray,Zachary Hicks
2245,Walter Scents West Chad Boutique,Walter Scents Group,Dylan Miller,Stephanie Ross
2246,Green Scents East Ellenfort Market,Green Scents Corp,Brian Ramirez,Zachary Hicks
2247,Duran Fragrance West Matthew Plaza,Duran Fragrance Holding,Connie Lawrence,Anthony Rodriguez
2248,Brady Beauty New Charles Market,Brady Beauty Group,Connie Lawrence,Anthony Rodriguez
2249,Wood Beauty South Phillip Market,Wood Beauty Group,Brian Ramirez,Zachary Hicks
2250,Morris Parfum Tinabury Shop,Morris Parfum Group,Gina Moore,Zachary Hicks
2251,Lewis Parfum Port Victoria Outlet,Lewis Parfum Corp,Margaret Hawkins Dds,Stephanie Ross
2252,Rogers Scents Andresfurt Boutique,Rogers Scents Holding,Brian Ramirez,Zachary Hicks
2253,Moore Beauty Robertland Shop,Moore Beauty Corp,Allison Hill,Judy Baker
2254,Henderson Cosmetics New Hollychester Corner,Henderson Cosmetics Group,Carla Gray,Zachary Hicks
2255,Duran Fragrance East John Market,Duran Fragrance Holding,Connie Lawrence,Anthony Rodriguez
2256,Duran Fragrance West Jennifer Store,Duran Fragrance Holding,Connie Lawrence,Anthony Rodriguez
2257,Duran Fragrance East Brandonhaven Gallery,Duran Fragrance Holding,Connie Lawrence,Anthony Rodriguez
2258,Duran Fragrance Gregoryfort Market,Duran Fragrance Holding,Connie Lawrence,Anthony Rodriguez
2259,Duran Fragrance East Tonyview Shop,Duran Fragrance Holding,Connie Lawrence,Anthony Rodriguez
2260,Duran Fragrance South Katherinebury Plaza,Duran Fragrance Holding,Connie Lawrence,Anthony Rodriguez
2261,Perez Scents East Courtneyfurt Gallery,Perez Scents Group,Margaret Hawkins Dds,Stephanie Ross
2262,Carrillo Cosmetics Howardberg Shop,Carrillo Cosmetics Group,Lisa Jackson,Stephanie Ross
2263,Duran Fragrance Port Anthonymouth Plaza,Duran Fragrance Holding,Connie Lawrence,Anthony Rodriguez
2264,Duran Fragrance Port Grantstad Boutique,Duran Fragrance Holding,Connie Lawrence,Anthony Rodriguez
2265,Duran Fragrance Andreabury Shop,Duran Fragrance Holding,Connie Lawrence,Anthony Rodriguez
2266,Duran Fragrance New Anna Boutique,Duran Fragrance Holding,Connie Lawrence,Anthony Rodriguez
2267,Duran Fragrance Kelleyland Shop,Duran Fragrance Holding,Connie Lawrence,Anthony Rodriguez
2268,Duran Fragrance Tylermouth Store,Duran Fragrance Holding,Connie Lawrence,Anthony Rodriguez
2269,Duran Fragrance Lake Angela Outlet,Duran Fragrance Holding,Connie Lawrence,Anthony Rodriguez
2270,Duran Fragrance Robertville Gallery,Duran Fragrance Holding,Connie Lawrence,Anthony Rodriguez
2271,Navarro Parfum Mcmillanfort Outlet,Navarro Parfum Corp,Carla Gray,Zachary Hicks
2272,Williams Beauty Sanchezberg Market,Williams Beauty Corp,Brian Ramirez,Zachary Hicks
2273,Duran Fragrance Gutierrezmouth Corner,Duran Fragrance Holding,Connie Lawrence,Anthony Rodriguez
2274,Duran Fragrance Phillipsfort Outlet,Duran Fragrance Holding,Connie Lawrence,Anthony Rodriguez
2275,Duran Fragrance Patriciaside Plaza,Duran Fragrance Holding,Connie Lawrence,Anthony Rodriguez
2276,Duran Fragrance Port Haley Corner,Duran Fragrance Holding,Connie Lawrence,Anthony Rodriguez
2277,Duran Fragrance North Davidport Plaza,Duran Fragrance Holding,Connie Lawrence,Anthony Rodriguez
2278,Duran Fragrance Jonesside Store,Duran Fragrance Holding,Connie Lawrence,Anthony Rodriguez
2279,Duran Fragrance Port Charlesside Market,Duran Fragrance Holding,Connie Lawrence,Anthony Rodriguez
2280,Pittman Parfum Humphreyfurt Corner,Pittman Parfum Holding,Connie Lawrence,Anthony Rodriguez
2281,Duran Fragrance Ashleytown Shop,Duran Fragrance Holding,Connie Lawrence,Anthony Rodriguez
2282,Nicholson Fragrance Port Monicaview Corner,Nicholson Fragrance Group,Connie Lawrence,Anthony Rodriguez
2283,Duran Fragrance New Dorothyberg Gallery,Duran Fragrance Holding,Connie Lawrence,Anthony Rodriguez
2284,Duran Fragrance Kochport Shop,Duran Fragrance Holding,Connie Lawrence,Anthony Rodriguez
2285,Duran Fragrance Elizabethmouth Gallery,Duran Fragrance Holding,Connie Lawrence,Anthony Rodriguez
2286,Duran Fragrance New Billyport Shop,Duran Fragrance Holding,Connie Lawrence,Anthony Rodriguez
2287,Duran Fragrance Huertaport Boutique,Duran Fragrance Holding,Connie Lawrence,Anthony Rodriguez
2288,Duran Fragrance Millerport Outlet,Duran Fragrance Holding,Connie Lawrence,Anthony Rodriguez
2289,Duran Fragrance New Samanthamouth Corner,Duran Fragrance Holding,Connie Lawrence,Anthony Rodriguez
2290,Duran Fragrance Stephensfurt Gallery,Duran Fragrance Holding,Connie Lawrence,Anthony Rodriguez
2291,Mcdowell Fragrance Lake Anthony Corner,Mcdowell Fragrance Corp,Connie Lawrence,Anthony Rodriguez
2292,Duran Fragrance New Tyler Gallery,Duran Fragrance Holding,Connie Lawrence,Anthony Rodriguez
2293,Duran Fragrance Thorntonfort Store,Duran Fragrance Holding,Connie Lawrence,Anthony Rodriguez
2294,Duran Fragrance South Christinamouth Store,Duran Fragrance Holding,Connie Lawrence,Anthony Rodriguez
2295,Washington Scents Gregoryton Plaza,Washington Scents Corp,Allison Hill,Judy Baker
2296,Horton Cosmetics Port Shaneland Gallery,Horton Cosmetics Holding,Allison Hill,Judy Baker
2297,Horton Cosmetics Ebonyberg Gallery,Horton Cosmetics Holding,Allison Hill,Judy Baker
2298,Horton Cosmetics East Jennifer Corner,Horton Cosmetics Holding,Allison Hill,Judy Baker
2299,Horton Cosmetics Perezland Gallery,Horton Cosmetics Holding,Allison Hill,Judy Baker
2300,Horton Cosmetics Montgomerychester Market,Horton Cosmetics Holding,Allison Hill,Judy Baker
2301,Horton Cosmetics East Justinmouth Corner,Horton Cosmetics Holding,Allison Hill,Judy Baker
2302,Duran Fragrance Briggsmouth Shop,Duran Fragrance Holding,Connie Lawrence,Anthony Rodriguez
2303,Duran Fragrance Savageville Outlet,Duran Fragrance Holding,Connie Lawrence,Anthony Rodriguez
2304,Torres Fragrance New Sharon Boutique,Torres Fragrance Group,Dylan Miller,Stephanie Ross
2305,Duran Fragrance North Amanda Boutique,Duran Fragrance Holding,Connie Lawrence,Anthony Rodriguez
2306,Parks Cosmetics Port Christian Shop,Parks Cosmetics Group,Allison Hill,Judy Baker
2307,Duran Fragrance North Darrell Outlet,Duran Fragrance Holding,Connie Lawrence,Anthony Rodriguez
2308,Duran Fragrance Payneville Shop,Duran Fragrance Holding,Connie Lawrence,Anthony Rodriguez
2309,Duran Fragrance East Victor Market,Duran Fragrance Holding,Connie Lawrence,Anthony Rodriguez
2310,Duran Fragrance Danielside Gallery,Duran Fragrance Holding,Connie Lawrence,Anthony Rodriguez
2311,Duran Fragrance Sullivanstad Market,Duran Fragrance Holding,Connie Lawrence,Anthony Rodriguez
2312,Nicholson Fragrance Johnsborough Boutique,Nicholson Fragrance Group,Connie Lawrence,Anthony Rodriguez
2313,Hopkins Parfum Hooverview Market,Hopkins Parfum Holding,Ethan Adams,Rebecca Henderson
2314,Nicholson Fragrance Josephfort Market,Nicholson Fragrance Group,Connie Lawrence,Anthony Rodriguez
2315,Jordan Beauty Terribury Plaza,Jordan Beauty Corp,Gina Moore,Zachary Hicks
2316,Duran Fragrance Port Deborahburgh Outlet,Duran Fragrance Holding,Connie Lawrence,Anthony Rodriguez
2317,Duran Fragrance Carlaville Outlet,Duran Fragrance Holding,Connie Lawrence,Anthony Rodriguez
2318,Duran Fragrance Kellyborough Gallery,Duran Fragrance Holding,Connie Lawrence,Anthony Rodriguez
2319,Duran Fragrance West Micheletown Shop,Duran Fragrance Holding,Connie Lawrence,Anthony Rodriguez
2320,Duran Fragrance Ericshire Market,Duran Fragrance Holding,Connie Lawrence,Anthony Rodriguez
2321,Duran Fragrance Jefferyshire Shop,Duran Fragrance Holding,Connie Lawrence,Anthony Rodriguez
2322,Duran Fragrance Ballardview Store,Duran Fragrance Holding,Connie Lawrence,Anthony Rodriguez
2323,Duran Fragrance Katieview Outlet,Duran Fragrance Holding,Connie Lawrence,Anthony Rodriguez
2324,Duran Fragrance Ramirezton Plaza,Duran Fragrance Holding,Connie Lawrence,Anthony Rodriguez
2325,Duran Fragrance South Ronald Shop,Duran Fragrance Holding,Connie Lawrence,Anthony Rodriguez
2326,King Cosmetics Davidtown Boutique,King Cosmetics Holding,Brian Ramirez,Zachary Hicks
2327,King Cosmetics Cindyfort Market,King Cosmetics Holding,Brian Ramirez,Zachary Hicks
2328,King Cosmetics New Michellehaven Corner,King Cosmetics Holding,Brian Ramirez,Zachary Hicks
2329,Duran Fragrance South Shawnside Store,Duran Fragrance Holding,Connie Lawrence,Anthony Rodriguez
2330,King Cosmetics Wilsonchester Store,King Cosmetics Holding,Brian Ramirez,Zachary Hicks
2331,Duran Fragrance Alvarezport Boutique,Duran Fragrance Holding,Connie Lawrence,Anthony Rodriguez
2332,Duran Fragrance South Kristinborough Plaza,Duran Fragrance Holding,Connie Lawrence,Anthony Rodriguez
2333,Duran Fragrance East Kayla Outlet,Duran Fragrance Holding,Connie Lawrence,Anthony Rodriguez
2334,Duran Fragrance West Jenniferport Store,Duran Fragrance Holding,Connie Lawrence,Anthony Rodriguez
2335,Nicholson Fragrance Port Stacey Gallery,Nicholson Fragrance Group,Connie Lawrence,Anthony Rodriguez
2336,Nicholson Fragrance Port Cindy Corner,Nicholson Fragrance Group,Connie Lawrence,Anthony Rodriguez
2337,Nicholson Fragrance North Natasha Outlet,Nicholson Fragrance Group,Connie Lawrence,Anthony Rodriguez
2338,Nicholson Fragrance Davidbury Store,Nicholson Fragrance Group,Connie Lawrence,Anthony Rodriguez
2339,Nicholson Fragrance Stephenfort Plaza,Nicholson Fragrance Group,Connie Lawrence,Anthony Rodriguez
2340,Nicholson Fragrance South Michaeltown Outlet,Nicholson Fragrance Group,Connie Lawrence,Anthony Rodriguez
2341,Donovan Fragrance Reynoldsport Corner,Donovan Fragrance Group,Jamie Arnold,Zachary Hicks
2342,Nicholson Fragrance Kendrafurt Shop,Nicholson Fragrance Group,Connie Lawrence,Anthony Rodriguez
2343,Clark Beauty Thompsonstad Gallery,Clark Beauty Group,Connie Lawrence,Anthony Rodriguez
2344,Duran Fragrance South William Outlet,Duran Fragrance Holding,Connie Lawrence,Anthony Rodriguez
2345,Thomas Beauty New Omarbury Corner,Thomas Beauty Group,Margaret Hawkins Dds,Stephanie Ross
2346,Duran Fragrance Gonzalezbury Outlet,Duran Fragrance Holding,Connie Lawrence,Anthony Rodriguez
2347,Duran Fragrance West Savannah Gallery,Duran Fragrance Holding,Connie Lawrence,Anthony Rodriguez
2348,Duran Fragrance North Marcland Store,Duran Fragrance Holding,Connie Lawrence,Anthony Rodriguez
2349,Duran Fragrance South Daniel Store,Duran Fragrance Holding,Connie Lawrence,Anthony Rodriguez
2350,Guzman Scents Port Gerald Boutique,Guzman Scents Holding,Carla Gray,Zachary Hicks
2351,Lambert Beauty Garrettfort Boutique,Lambert Beauty Corp,Margaret Hawkins Dds,Stephanie Ross
2352,Nicholson Fragrance Riverachester Plaza,Nicholson Fragrance Group,Connie Lawrence,Anthony Rodriguez
2353,Nicholson Fragrance Allentown Market,Nicholson Fragrance Group,Connie Lawrence,Anthony Rodriguez
2354,Taylor Scents West Danaview Market,Taylor Scents Corp,Dylan Miller,Stephanie Ross
2355,Duran Fragrance South Kathyville Gallery,Duran Fragrance Holding,Connie Lawrence,Anthony Rodriguez
2356,Rhodes Cosmetics New David Boutique,Rhodes Cosmetics Group,Gina Moore,Zachary Hicks
2357,Keller Cosmetics North Ryanborough Plaza,Keller Cosmetics Group,Gina Moore,Zachary Hicks
2358,Washington Scents South James Corner,Washington Scents Corp,Allison Hill,Judy Baker
2359,Hall Fragrance Port Victoria Shop,Hall Fragrance Holding,Lisa Hensley,Stephanie Ross
2360,Duran Fragrance Porterbury Gallery,Duran Fragrance Holding,Connie Lawrence,Anthony Rodriguez
2361,Duran Fragrance Miguelberg Gallery,Duran Fragrance Holding,Connie Lawrence,Anthony Rodriguez
2362,Duran Fragrance East Kevin Gallery,Duran Fragrance Holding,Connie Lawrence,Anthony Rodriguez
2363,Nicholson Fragrance Lake Danielton Corner,Nicholson Fragrance Group,Connie Lawrence,Anthony Rodriguez
2364,Nicholson Fragrance East Abigail Gallery,Nicholson Fragrance Group,Connie Lawrence,Anthony Rodriguez
2365,Duran Fragrance Lake Michaelfort Gallery,Duran Fragrance Holding,Connie Lawrence,Anthony Rodriguez
2366,Duran Fragrance Andreaview Plaza,Duran Fragrance Holding,Connie Lawrence,Anthony Rodriguez
2367,Duran Fragrance Lake Julie Store,Duran Fragrance Holding,Connie Lawrence,Anthony Rodriguez
2368,Duran Fragrance East Markside Outlet,Duran Fragrance Holding,Connie Lawrence,Anthony Rodriguez
2369,Duran Fragrance Tracyfort Corner,Duran Fragrance Holding,Connie Lawrence,Anthony Rodriguez
2370,Duran Fragrance Susanfort Boutique,Duran Fragrance Holding,Connie Lawrence,Anthony Rodriguez
2371,Duran Fragrance East Kaitlynborough Market,Duran Fragrance Holding,Connie Lawrence,Anthony Rodriguez
2372,Duran Fragrance North Daniel Outlet,Duran Fragrance Holding,Connie Lawrence,Anthony Rodriguez
2373,Wagner Parfum West Sylvia Market,Wagner Parfum Corp,Ethan Adams,Rebecca Henderson
2374,Davis Fragrance Port Christopher Boutique,Davis Fragrance Holding,Allison Hill,Judy Baker
2375,Davis Fragrance Mendozamouth Store,Davis Fragrance Holding,Allison Hill,Judy Baker
2376,Duran Fragrance Isaiahstad Corner,Duran Fragrance Holding,Connie Lawrence,Anthony Rodriguez
2377,Duran Fragrance South Theodore Outlet,Duran Fragrance Holding,Ethan Adams,Rebecca Henderson
2378,Duran Fragrance Parksmouth Boutique,Duran Fragrance Holding,Connie Lawrence,Anthony Rodriguez
2379,Duran Fragrance Johnsonport Shop,Duran Fragrance Holding,Connie Lawrence,Anthony Rodriguez
2380,Harrington Fragrance Lake Shelleyshire Market,Harrington Fragrance Corp,Lisa Jackson,Stephanie Ross
2381,Hicks Cosmetics Jeffreybury Gallery,Hicks Cosmetics Holding,Monica Herrera,Stephanie Ross
2382,Duran Fragrance Suzannefurt Plaza,Duran Fragrance Holding,Connie Lawrence,Anthony Rodriguez
2383,Duran Fragrance Annaville Plaza,Duran Fragrance Holding,Connie Lawrence,Anthony Rodriguez
2384,Duran Fragrance Goodmanton Shop,Duran Fragrance Holding,Connie Lawrence,Anthony Rodriguez
2385,White Beauty Bradyborough Store,White Beauty Corp,Margaret Hawkins Dds,Stephanie Ross
2386,Duran Fragrance New Barry Gallery,Duran Fragrance Holding,Connie Lawrence,Anthony Rodriguez
2387,Duran Fragrance East Blakebury Corner,Duran Fragrance Holding,Connie Lawrence,Anthony Rodriguez
2388,Carpenter Parfum Bryanmouth Market,Carpenter Parfum Holding,Margaret Hawkins Dds,Stephanie Ross
2389,Duran Fragrance Lake Christopherborough Shop,Duran Fragrance Holding,Connie Lawrence,Anthony Rodriguez
2390,Woods Fragrance Lake Cristinaville Market,Woods Fragrance Holding,Lisa Jackson,Stephanie Ross
2391,Duran Fragrance Whitebury Boutique,Duran Fragrance Holding,Connie Lawrence,Anthony Rodriguez
2392,Duran Fragrance East Melissa Gallery,Duran Fragrance Holding,Connie Lawrence,Anthony Rodriguez
2393,Carrillo Cosmetics Paulshire Market,Carrillo Cosmetics Group,Lisa Jackson,Stephanie Ross
2394,Duran Fragrance Port John Shop,Duran Fragrance Holding,Connie Lawrence,Anthony Rodriguez
2395,Duran Fragrance Littleville Gallery,Duran Fragrance Holding,Connie Lawrence,Anthony Rodriguez
2396,Duran Fragrance Michaeltown Plaza,Duran Fragrance Holding,Connie Lawrence,Anthony Rodriguez
2397,Cardenas Fragrance New Michael Outlet,Cardenas Fragrance Group,Dylan Miller,Stephanie Ross
2398,Cardenas Fragrance Mitchellport Store,Cardenas Fragrance Group,Dylan Miller,Stephanie Ross
2399,Duran Fragrance Hallside Boutique,Duran Fragrance Holding,Connie Lawrence,Anthony Rodriguez
2400,Tran Fragrance Robertland Plaza,Tran Fragrance Group,Ryan Munoz,Judy Baker
2401,Thompson Fragrance Christopherburgh Gallery,Thompson Fragrance Corp,Carla Gray,Zachary Hicks
2402,Duran Fragrance Lake George Shop,Duran Fragrance Holding,Connie Lawrence,Anthony Rodriguez
2403,Nicholson Fragrance Lake Terri Gallery,Nicholson Fragrance Group,Connie Lawrence,Anthony Rodriguez
2404,Aguilar Parfum Edwardsmouth Shop,Aguilar Parfum Holding,Connie Lawrence,Anthony Rodriguez
2405,Duran Fragrance Whitechester Outlet,Duran Fragrance Holding,Connie Lawrence,Anthony Rodriguez
2406,Duran Fragrance New Joel Outlet,Duran Fragrance Holding,Connie Lawrence,Anthony Rodriguez
2407,Tran Fragrance Saramouth Market,Tran Fragrance Group,Ryan Munoz,Judy Baker
2408,Nicholson Fragrance Mcconnellburgh Shop,Nicholson Fragrance Group,Connie Lawrence,Anthony Rodriguez
2409,Johnson Fragrance East Nathan Outlet,Johnson Fragrance Holding,Brian Ramirez,Zachary Hicks
2410,King Cosmetics Randyville Outlet,King Cosmetics Holding,Brian Ramirez,Zachary Hicks
2411,Perez Scents North Timothymouth Boutique,Perez Scents Group,Margaret Hawkins Dds,Stephanie Ross
2412,Rose Cosmetics West Heather Shop,Rose Cosmetics Holding,Ethan Adams,Rebecca Henderson
2413,Duran Fragrance South Frederickport Boutique,Duran Fragrance Holding,Connie Lawrence,Anthony Rodriguez
2414,Duran Fragrance Lake Williammouth Market,Duran Fragrance Holding,Connie Lawrence,Anthony Rodriguez
2415,Washington Scents West Davidburgh Store,Washington Scents Corp,Allison Hill,Judy Baker
2416,Duran Fragrance Bradleyborough Plaza,Duran Fragrance Holding,Connie Lawrence,Anthony Rodriguez
2417,Nicholson Fragrance New Lauraberg Shop,Nicholson Fragrance Group,Connie Lawrence,Anthony Rodriguez
2418,Stanton Scents Lake Douglasfort Outlet,Stanton Scents Corp,Dylan Miller,Stephanie Ross
2419,Duran Fragrance New Jacobton Shop,Duran Fragrance Holding,Connie Lawrence,Anthony Rodriguez
2420,Nicholson Fragrance Chadview Store,Nicholson Fragrance Group,Connie Lawrence,Anthony Rodriguez
2421,Nicholson Fragrance Lindsayburgh Outlet,Nicholson Fragrance Group,Connie Lawrence,Anthony Rodriguez
2422,Nicholson Fragrance Lambview Shop,Nicholson Fragrance Group,Connie Lawrence,Anthony Rodriguez
2423,Duran Fragrance Lake Josephton Shop,Duran Fragrance Holding,Connie Lawrence,Anthony Rodriguez
2424,Graham Cosmetics Vaughanview Boutique,Graham Cosmetics Corp,Lisa Jackson,Stephanie Ross
2425,Duran Fragrance Port Lisa Store,Duran Fragrance Holding,Connie Lawrence,Anthony Rodriguez
2426,Nicholson Fragrance West Rachel Boutique,Nicholson Fragrance Group,Connie Lawrence,Anthony Rodriguez
2427,Duran Fragrance Craigberg Store,Duran Fragrance Holding,Connie Lawrence,Anthony Rodriguez
2428,Nicholson Fragrance Davidside Shop,Nicholson Fragrance Group,Connie Lawrence,Anthony Rodriguez
2429,Nicholson Fragrance South Melissamouth Outlet,Nicholson Fragrance Group,Connie Lawrence,Anthony Rodriguez
2430,Nicholson Fragrance South Nathanielfurt Shop,Nicholson Fragrance Group,Connie Lawrence,Anthony Rodriguez
2431,Duran Fragrance North Jamesberg Store,Duran Fragrance Holding,Connie Lawrence,Anthony Rodriguez
2432,Duran Fragrance Scottport Store,Duran Fragrance Holding,Connie Lawrence,Anthony Rodriguez
2433,Nicholson Fragrance Drakeshire Boutique,Nicholson Fragrance Group,Connie Lawrence,Anthony Rodriguez
2434,Oliver Cosmetics South Cassandrastad Plaza,Oliver Cosmetics Group,Dylan Miller,Stephanie Ross
2435,Duran Fragrance Deannaville Market,Duran Fragrance Holding,Connie Lawrence,Anthony Rodriguez
2436,Powell Cosmetics North Sandrastad Plaza,Powell Cosmetics Corp,Dylan Miller,Stephanie Ross
2437,Duran Fragrance Cynthiatown Plaza,Duran Fragrance Holding,Connie Lawrence,Anthony Rodriguez
2438,Duran Fragrance West Peter Boutique,Duran Fragrance Holding,Connie Lawrence,Anthony Rodriguez
2439,Barker Fragrance South Scottland Store,Barker Fragrance Group,Margaret Hawkins Dds,Stephanie Ross
2440,Duran Fragrance Stevetown Store,Duran Fragrance Holding,Connie Lawrence,Anthony Rodriguez
2441,Duran Fragrance West Amybury Market,Duran Fragrance Holding,Connie Lawrence,Anthony Rodriguez
2442,Duran Fragrance Jacksonburgh Plaza,Duran Fragrance Holding,Connie Lawrence,Anthony Rodriguez
2443,Duran Fragrance Turnermouth Boutique,Duran Fragrance Holding,Connie Lawrence,Anthony Rodriguez
2444,Duran Fragrance Johnton Store,Duran Fragrance Holding,Connie Lawrence,Anthony Rodriguez
2445,Duran Fragrance North Kevin Boutique,Duran Fragrance Holding,Connie Lawrence,Anthony Rodriguez
2446,Duran Fragrance Carneyview Gallery,Duran Fragrance Holding,Connie Lawrence,Anthony Rodriguez
2447,Quinn Beauty Scottmouth Outlet,Quinn Beauty Holding,Lisa Jackson,Stephanie Ross
2448,Marsh Beauty West Joshuamouth Corner,Marsh Beauty Corp,Jamie Arnold,Zachary Hicks
2449,Moore Parfum New Ericshire Plaza,Moore Parfum Holding,Jamie Arnold,Zachary Hicks
2450,Nicholson Fragrance Lake Jessicahaven Boutique,Nicholson Fragrance Group,Connie Lawrence,Anthony Rodriguez
2451,Nicholson Fragrance South Ryanfurt Gallery,Nicholson Fragrance Group,Connie Lawrence,Anthony Rodriguez
2452,Nicholson Fragrance Rodgersview Store,Nicholson Fragrance Group,Connie Lawrence,Anthony Rodriguez
2453,Duran Fragrance Karenview Outlet,Duran Fragrance Holding,Connie Lawrence,Anthony Rodriguez
2454,Nicholson Fragrance New Matthew Gallery,Nicholson Fragrance Group,Connie Lawrence,Anthony Rodriguez
2455,Nicholson Fragrance West Peggytown Corner,Nicholson Fragrance Group,Connie Lawrence,Anthony Rodriguez
2456,Duran Fragrance Jonesborough Outlet,Duran Fragrance Holding,Connie Lawrence,Anthony Rodriguez
2457,Duran Fragrance Crystalview Boutique,Duran Fragrance Holding,Connie Lawrence,Anthony Rodriguez
2458,Duran Fragrance North Willie Store,Duran Fragrance Holding,Connie Lawrence,Anthony Rodriguez
2459,Duran Fragrance Webbshire Market,Duran Fragrance Holding,Connie Lawrence,Anthony Rodriguez
2460,Tran Fragrance West Jeffrey Gallery,Tran Fragrance Group,Ryan Munoz,Judy Baker
2461,Lane Scents Brookschester Plaza,Lane Scents Holding,Lisa Hensley,Stephanie Ross
2462,Hudson Fragrance East Kristenton Shop,Hudson Fragrance Holding,Gina Moore,Zachary Hicks
2463,Nicholson Fragrance North Markmouth Outlet,Nicholson Fragrance Group,Connie Lawrence,Anthony Rodriguez
2464,Duran Fragrance Robertport Corner,Duran Fragrance Holding,Connie Lawrence,Anthony Rodriguez
2465,Duran Fragrance Swansonton Gallery,Duran Fragrance Holding,Connie Lawrence,Anthony Rodriguez
2466,Duran Fragrance New Danielfurt Plaza,Duran Fragrance Holding,Connie Lawrence,Anthony Rodriguez
2467,Duran Fragrance Hicksstad Corner,Duran Fragrance Holding,Connie Lawrence,Anthony Rodriguez
2468,Duran Fragrance Kevinville Boutique,Duran Fragrance Holding,Connie Lawrence,Anthony Rodriguez
2469,Woods Fragrance Zacharystad Store,Woods Fragrance Holding,Lisa Jackson,Stephanie Ross
2470,Nicholson Fragrance Jomouth Store,Nicholson Fragrance Group,Connie Lawrence,Anthony Rodriguez
2471,Duran Fragrance South Karenberg Outlet,Duran Fragrance Holding,Connie Lawrence,Anthony Rodriguez
2472,Nicholson Fragrance Bairdstad Store,Nicholson Fragrance Group,Connie Lawrence,Anthony Rodriguez
2473,Duran Fragrance Lake Jamie Market,Duran Fragrance Holding,Connie Lawrence,Anthony Rodriguez
2474,Nicholson Fragrance Turnermouth Plaza,Nicholson Fragrance Group,Connie Lawrence,Anthony Rodriguez
2475,Nicholson Fragrance Joannehaven Shop,Nicholson Fragrance Group,Connie Lawrence,Anthony Rodriguez
2476,Nicholson Fragrance Port Nicholas Store,Nicholson Fragrance Group,Connie Lawrence,Anthony Rodriguez
2477,Nicholson Fragrance South Richardside Corner,Nicholson Fragrance Group,Connie Lawrence,Anthony Rodriguez
2478,Nicholson Fragrance South Dylan Gallery,Nicholson Fragrance Group,Connie Lawrence,Anthony Rodriguez
2479,Nicholson Fragrance East Stephen Corner,Nicholson Fragrance Group,Connie Lawrence,Anthony Rodriguez
2480,Nicholson Fragrance Nelsonberg Plaza,Nicholson Fragrance Group,Connie Lawrence,Anthony Rodriguez
2481,Duran Fragrance South Andre Market,Duran Fragrance Holding,Connie Lawrence,Anthony Rodriguez
2482,Woods Fragrance East Franciscohaven Boutique,Woods Fragrance Holding,Lisa Jackson,Stephanie Ross
2483,Gordon Scents Charleshaven Corner,Gordon Scents Holding,Lisa Hensley,Stephanie Ross
2484,Duran Fragrance Munozland Store,Duran Fragrance Holding,Connie Lawrence,Anthony Rodriguez
2485,Duran Fragrance Timothyberg Store,Duran Fragrance Holding,Connie Lawrence,Anthony Rodriguez
2486,Washington Scents Hansontown Plaza,Washington Scents Corp,Allison Hill,Judy Baker
2487,Duran Fragrance Garciaside Plaza,Duran Fragrance Holding,Connie Lawrence,Anthony Rodriguez
2488,Goodwin Beauty West Michaelstad Plaza,Goodwin Beauty Group,Lisa Hensley,Stephanie Ross
2489,Duran Fragrance Pattersonport Plaza,Duran Fragrance Holding,Connie Lawrence,Anthony Rodriguez
2490,Duran Fragrance Jessicaberg Gallery,Duran Fragrance Holding,Connie Lawrence,Anthony Rodriguez
2491,Duran Fragrance East Amandaton Boutique,Duran Fragrance Holding,Connie Lawrence,Anthony Rodriguez
2492,Duran Fragrance Adamville Boutique,Duran Fragrance Holding,Connie Lawrence,Anthony Rodriguez
2493,Duran Fragrance Carrilloville Store,Duran Fragrance Holding,Connie Lawrence,Anthony Rodriguez
2494,Nicholson Fragrance North Robertside Plaza,Nicholson Fragrance Group,Connie Lawrence,Anthony Rodriguez
2495,Nicholson Fragrance Lake Nicolebury Corner,Nicholson Fragrance Group,Connie Lawrence,Anthony Rodriguez
2496,Nicholson Fragrance Phillipsburgh Gallery,Nicholson Fragrance Group,Connie Lawrence,Anthony Rodriguez
2497,Nicholson Fragrance Richardton Boutique,Nicholson Fragrance Group,Connie Lawrence,Anthony Rodriguez
2498,Nicholson Fragrance South Josephmouth Boutique,Nicholson Fragrance Group,Connie Lawrence,Anthony Rodriguez
2499,Nicholson Fragrance South Laurieport Outlet,Nicholson Fragrance Group,Connie Lawrence,Anthony Rodriguez
2500,Duran Fragrance South Elizabeth Gallery,Duran Fragrance Holding,Connie Lawrence,Anthony Rodriguez
2501,Morris Scents Lake Daniellemouth Store,Morris Scents Holding,Lisa Jackson,Stephanie Ross
2502,Marsh Beauty Bakerside Market,Marsh Beauty Corp,Jamie Arnold,Zachary Hicks
2503,Schroeder Parfum Lake Toddport Corner,Schroeder Parfum Holding,Jamie Arnold,Zachary Hicks
2504,Nicholson Fragrance Clementsberg Boutique,Nicholson Fragrance Group,Connie Lawrence,Anthony Rodriguez
2505,Duran Fragrance Port Katherinefort Plaza,Duran Fragrance Holding,Connie Lawrence,Anthony Rodriguez
2506,King Cosmetics Meyertown Gallery,King Cosmetics Holding,Carla Gray,Zachary Hicks
2507,Duran Fragrance Jasonfort Market,Duran Fragrance Holding,Connie Lawrence,Anthony Rodriguez
2508,Duran Fragrance Longhaven Store,Duran Fragrance Holding,Connie Lawrence,Anthony Rodriguez
2509,Duran Fragrance Brendatown Store,Duran Fragrance Holding,Connie Lawrence,Anthony Rodriguez
2510,Walter Scents Petersonbury Corner,Walter Scents Group,Dylan Miller,Stephanie Ross
2511,Duran Fragrance Ramseystad Outlet,Duran Fragrance Holding,Connie Lawrence,Anthony Rodriguez
2512,Nicholson Fragrance Lake Timothy Plaza,Nicholson Fragrance Group,Connie Lawrence,Anthony Rodriguez
2513,Johnson Fragrance Ramireztown Plaza,Johnson Fragrance Group,Lisa Jackson,Stephanie Ross
2514,Cooper Fragrance Lake Staceyport Outlet,Cooper Fragrance Corp,Dylan Miller,Stephanie Ross
2515,King Cosmetics Boydmouth Gallery,King Cosmetics Holding,Brian Ramirez,Zachary Hicks
2516,Burgess Scents New Sharonstad Shop,Burgess Scents Holding,Connie Lawrence,Anthony Rodriguez
2517,Duran Fragrance North Seanbury Plaza,Duran Fragrance Holding,Connie Lawrence,Anthony Rodriguez
2518,Rhodes Cosmetics Moorefurt Plaza,Rhodes Cosmetics Group,Gina Moore,Zachary Hicks
2519,Duran Fragrance Robinberg Shop,Duran Fragrance Holding,Connie Lawrence,Anthony Rodriguez
2520,Duran Fragrance Camerontown Plaza,Duran Fragrance Holding,Connie Lawrence,Anthony Rodriguez
2521,Duran Fragrance Port Margaret Store 541,Duran Fragrance Holding,Connie Lawrence,Anthony Rodriguez
2522,Duran Fragrance North Rickey Outlet,Duran Fragrance Holding,Connie Lawrence,Anthony Rodriguez
2523,Duran Fragrance Lake Ethanberg Plaza,Duran Fragrance Holding,Connie Lawrence,Anthony Rodriguez
2524,Cook Scents South Ashleyfurt Boutique,Cook Scents Group,Ethan Adams,Rebecca Henderson
2525,Duran Fragrance West Michael Market,Duran Fragrance Holding,Connie Lawrence,Anthony Rodriguez
2526,Silva Fragrance Ruthfurt Market,Silva Fragrance Holding,Cristian Santos,Zachary Hicks
2527,Duran Fragrance Sarahbury Boutique,Duran Fragrance Holding,Connie Lawrence,Anthony Rodriguez
2528,Duran Fragrance Lake Regina Corner,Duran Fragrance Holding,Connie Lawrence,Anthony Rodriguez
2529,Duran Fragrance East Joyborough Store,Duran Fragrance Holding,Connie Lawrence,Anthony Rodriguez
2530,Duran Fragrance Beckbury Corner,Duran Fragrance Holding,Connie Lawrence,Anthony Rodriguez
2531,Duran Fragrance West Erica Plaza,Duran Fragrance Holding,Connie Lawrence,Anthony Rodriguez
2532,Duran Fragrance West Donnaview Shop,Duran Fragrance Holding,Connie Lawrence,Anthony Rodriguez
2533,Duran Fragrance New Adam Corner,Duran Fragrance Holding,Connie Lawrence,Anthony Rodriguez
2534,Nicholson Fragrance Port Jonathanchester Market,Nicholson Fragrance Group,Connie Lawrence,Anthony Rodriguez
2535,Nicholson Fragrance Mooretown Boutique,Nicholson Fragrance Group,Connie Lawrence,Anthony Rodriguez
2536,Nicholson Fragrance New Elizabeth Market,Nicholson Fragrance Group,Connie Lawrence,Anthony Rodriguez
2537,Duran Fragrance Brookeville Plaza,Duran Fragrance Holding,Connie Lawrence,Anthony Rodriguez
2538,Duran Fragrance Hessport Store,Duran Fragrance Holding,Connie Lawrence,Anthony Rodriguez
2539,Duran Fragrance Danielchester Outlet,Duran Fragrance Holding,Connie Lawrence,Anthony Rodriguez
2540,Washington Scents Arnoldfurt Shop,Washington Scents Corp,Allison Hill,Judy Baker
2541,Nicholson Fragrance Gibsonshire Store,Nicholson Fragrance Group,Connie Lawrence,Anthony Rodriguez
2542,Thompson Cosmetics North Carla Boutique,Thompson Cosmetics Group,Connie Lawrence,Anthony Rodriguez
2543,Duran Fragrance Port Christineport Shop,Duran Fragrance Holding,Connie Lawrence,Anthony Rodriguez
2544,Duran Fragrance East Kevinview Plaza,Duran Fragrance Holding,Connie Lawrence,Anthony Rodriguez
2545,Reed Cosmetics Johnfurt Corner,Reed Cosmetics Corp,Lisa Hensley,Stephanie Ross
2546,Kemp Fragrance North Davidton Market,Kemp Fragrance Group,Connie Lawrence,Anthony Rodriguez
2547,Nicholson Fragrance Jonathanborough Shop,Nicholson Fragrance Group,Connie Lawrence,Anthony Rodriguez
2548,Harrington Fragrance East Aaron Plaza,Harrington Fragrance Corp,Lisa Jackson,Stephanie Ross
2549,Nicholson Fragrance Simmonston Store,Nicholson Fragrance Group,Connie Lawrence,Anthony Rodriguez
2550,Hudson Fragrance South Debraport Gallery,Hudson Fragrance Holding,Gina Moore,Zachary Hicks
2551,Nicholson Fragrance South Krystalland Boutique,Nicholson Fragrance Group,Connie Lawrence,Anthony Rodriguez
2552,Nicholson Fragrance Barronfurt Store,Nicholson Fragrance Group,Connie Lawrence,Anthony Rodriguez
2553,Silva Fragrance Tapiabury Corner,Silva Fragrance Holding,Cristian Santos,Zachary Hicks
2554,Nicholson Fragrance Sarahfort Shop,Nicholson Fragrance Group,Connie Lawrence,Anthony Rodriguez
2555,Nicholson Fragrance Ortizbury Boutique,Nicholson Fragrance Group,Connie Lawrence,Anthony Rodriguez
2556,Nicholson Fragrance Lake Ashley Market,Nicholson Fragrance Group,Connie Lawrence,Anthony Rodriguez
2557,Nicholson Fragrance Rileybury Corner,Nicholson Fragrance Group,Connie Lawrence,Anthony Rodriguez
2558,Wells Parfum South Kathryn Corner,Wells Parfum Group,Dylan Miller,Stephanie Ross
2559,Schroeder Parfum Hayesside Corner,Schroeder Parfum Holding,Jamie Arnold,Zachary Hicks
2560,Nicholson Fragrance Mathisport Boutique,Nicholson Fragrance Group,Connie Lawrence,Anthony Rodriguez
2561,Nicholson Fragrance Glennport Market,Nicholson Fragrance Group,Connie Lawrence,Anthony Rodriguez
2562,Nicholson Fragrance Port Adamstad Market,Nicholson Fragrance Group,Connie Lawrence,Anthony Rodriguez
2563,Nicholson Fragrance Jonathanmouth Market,Nicholson Fragrance Group,Connie Lawrence,Anthony Rodriguez
2564,Ayala Scents Perezborough Gallery,Ayala Scents Holding,Connie Lawrence,Anthony Rodriguez
2565,Duran Fragrance South Gregory Boutique,Duran Fragrance Holding,Connie Lawrence,Anthony Rodriguez
2566,Duran Fragrance West Robertberg Shop,Duran Fragrance Holding,Connie Lawrence,Anthony Rodriguez
2567,Duran Fragrance Rosetown Market,Duran Fragrance Holding,Connie Lawrence,Anthony Rodriguez
2568,Duran Fragrance Lake Kathy Gallery,Duran Fragrance Holding,Connie Lawrence,Anthony Rodriguez
2569,Nicholson Fragrance Ramirezborough Plaza,Nicholson Fragrance Group,Connie Lawrence,Anthony Rodriguez
2570,Nicholson Fragrance Port Rachel Shop,Nicholson Fragrance Group,Connie Lawrence,Anthony Rodriguez
2571,Duran Fragrance Burgessport Boutique,Duran Fragrance Holding,Connie Lawrence,Anthony Rodriguez
2572,Collins Scents Port Margaretburgh Boutique,Collins Scents Corp,Brian Ramirez,Zachary Hicks
2573,Molina Beauty Carrollmouth Shop,Molina Beauty Corp,Carla Gray,Zachary Hicks
2574,Nicholson Fragrance Port Steventon Gallery,Nicholson Fragrance Group,Connie Lawrence,Anthony Rodriguez
2575,Johnson Parfum New Josephberg Boutique,Johnson Parfum Holding,Monica Herrera,Stephanie Ross
2576,Duran Fragrance Guerreroshire Plaza,Duran Fragrance Holding,Connie Lawrence,Anthony Rodriguez
2577,Solomon Cosmetics Carlsonville Shop,Solomon Cosmetics Holding,Carla Gray,Zachary Hicks
2578,Washington Scents North Michael Plaza,Washington Scents Corp,Allison Hill,Judy Baker
2579,Nicholson Fragrance Williamburgh Gallery,Nicholson Fragrance Group,Connie Lawrence,Anthony Rodriguez
2580,Duran Fragrance North Bradleybury Shop,Duran Fragrance Holding,Connie Lawrence,Anthony Rodriguez
2581,Duran Fragrance Rodneychester Shop,Duran Fragrance Holding,Connie Lawrence,Anthony Rodriguez
2582,Duran Fragrance Sandrastad Shop,Duran Fragrance Holding,Connie Lawrence,Anthony Rodriguez
2583,Duran Fragrance East Johnbury Market,Duran Fragrance Holding,Connie Lawrence,Anthony Rodriguez
2584,Duran Fragrance New Marthatown Corner,Duran Fragrance Holding,Connie Lawrence,Anthony Rodriguez
2585,Duran Fragrance Martinville Boutique,Duran Fragrance Holding,Connie Lawrence,Anthony Rodriguez
2586,Duran Fragrance South Marthamouth Market,Duran Fragrance Holding,Connie Lawrence,Anthony Rodriguez
2587,Rhodes Cosmetics North Tyroneport Store,Rhodes Cosmetics Group,Gina Moore,Zachary Hicks
2588,Duran Fragrance Richmondfurt Gallery,Duran Fragrance Holding,Connie Lawrence,Anthony Rodriguez
2589,Duran Fragrance Lake Joseph Corner,Duran Fragrance Holding,Connie Lawrence,Anthony Rodriguez
2590,Duran Fragrance West Leslie Gallery,Duran Fragrance Holding,Connie Lawrence,Anthony Rodriguez
2591,Duran Fragrance Matthewsmouth Shop,Duran Fragrance Holding,Connie Lawrence,Anthony Rodriguez
2592,Cobb Scents Davidberg Boutique,Cobb Scents Holding,Connie Lawrence,Anthony Rodriguez
2593,Duran Fragrance Isaiahton Corner,Duran Fragrance Holding,Connie Lawrence,Anthony Rodriguez
2594,Duran Fragrance Christieton Gallery,Duran Fragrance Holding,Connie Lawrence,Anthony Rodriguez
2595,Duran Fragrance Williamsonfort Corner,Duran Fragrance Holding,Connie Lawrence,Anthony Rodriguez
2596,Nicholson Fragrance Juanberg Market,Nicholson Fragrance Group,Connie Lawrence,Anthony Rodriguez
2597,Hudson Fragrance North Scottton Store,Hudson Fragrance Holding,Gina Moore,Zachary Hicks
2598,Rodgers Parfum Hillborough Corner,Rodgers Parfum Holding,Dylan Miller,Stephanie Ross
2599,Duran Fragrance Warrenton Plaza,Duran Fragrance Holding,Connie Lawrence,Anthony Rodriguez
2600,Duran Fragrance Jessicabury Shop,Duran Fragrance Holding,Connie Lawrence,Anthony Rodriguez
2601,Duran Fragrance Jacksonchester Store,Duran Fragrance Holding,Connie Lawrence,Anthony Rodriguez
2602,Collins Scents Craigport Shop,Collins Scents Corp,Lisa Hensley,Stephanie Ross
2603,Collins Scents South Nathan Shop,Collins Scents Corp,Lisa Hensley,Stephanie Ross
2604,Duran Fragrance West Jessicaside Corner,Duran Fragrance Holding,Connie Lawrence,Anthony Rodriguez
2605,Nicholson Fragrance Nathanville Market,Nicholson Fragrance Group,Connie Lawrence,Anthony Rodriguez
2606,Nicholson Fragrance Stevenfort Store,Nicholson Fragrance Group,Connie Lawrence,Anthony Rodriguez
2607,Nicholson Fragrance Smithhaven Store,Nicholson Fragrance Group,Connie Lawrence,Anthony Rodriguez
2608,Nicholson Fragrance Lake Destiny Store,Nicholson Fragrance Group,Connie Lawrence,Anthony Rodriguez
2609,Nicholson Fragrance Lake Johnmouth Boutique,Nicholson Fragrance Group,Connie Lawrence,Anthony Rodriguez
2610,Nicholson Fragrance Hayeschester Plaza,Nicholson Fragrance Group,Connie Lawrence,Anthony Rodriguez
2611,Nicholson Fragrance North Petertown Outlet,Nicholson Fragrance Group,Connie Lawrence,Anthony Rodriguez
2612,Nicholson Fragrance Lake Johnbury Corner,Nicholson Fragrance Group,Connie Lawrence,Anthony Rodriguez
2613,Nicholson Fragrance Lake Kimberly Plaza,Nicholson Fragrance Group,Connie Lawrence,Anthony Rodriguez
2614,Nicholson Fragrance East Robertland Gallery,Nicholson Fragrance Group,Connie Lawrence,Anthony Rodriguez
2615,Silva Fragrance Matthewstad Store,Silva Fragrance Holding,Cristian Santos,Zachary Hicks
2616,Nicholson Fragrance New Timothyborough Market,Nicholson Fragrance Group,Connie Lawrence,Anthony Rodriguez
2617,Nicholson Fragrance Kingside Shop,Nicholson Fragrance Group,Connie Lawrence,Anthony Rodriguez
2618,Nicholson Fragrance Jacobfort Outlet,Nicholson Fragrance Group,Connie Lawrence,Anthony Rodriguez
2619,Duran Fragrance New Scott Shop,Duran Fragrance Holding,Connie Lawrence,Anthony Rodriguez
2620,Nicholson Fragrance South Juan Gallery,Nicholson Fragrance Group,Connie Lawrence,Anthony Rodriguez
2621,Nicholson Fragrance Phillipborough Market,Nicholson Fragrance Group,Connie Lawrence,Anthony Rodriguez
2622,Nicholson Fragrance Patriciaborough Shop,Nicholson Fragrance Group,Connie Lawrence,Anthony Rodriguez
2623,Washington Scents Alexland Shop,Washington Scents Corp,Allison Hill,Judy Baker
2624,Nicholson Fragrance Molinachester Corner,Nicholson Fragrance Group,Connie Lawrence,Anthony Rodriguez
2625,Nicholson Fragrance Randyshire Gallery,Nicholson Fragrance Group,Connie Lawrence,Anthony Rodriguez
2626,Nicholson Fragrance Hicksstad Store,Nicholson Fragrance Group,Connie Lawrence,Anthony Rodriguez
2627,Rhodes Cosmetics South Loganborough Store,Rhodes Cosmetics Group,Gina Moore,Zachary Hicks
2628,Rhodes Cosmetics Kimborough Boutique,Rhodes Cosmetics Group,Gina Moore,Zachary Hicks
2629,Nicholson Fragrance Snowview Market,Nicholson Fragrance Group,Connie Lawrence,Anthony Rodriguez
2630,Nicholson Fragrance Mayhaven Shop,Nicholson Fragrance Group,Connie Lawrence,Anthony Rodriguez
2631,Nicholson Fragrance Port Gabrielview Shop,Nicholson Fragrance Group,Connie Lawrence,Anthony Rodriguez
2632,Nicholson Fragrance East Maryhaven Gallery,Nicholson Fragrance Group,Connie Lawrence,Anthony Rodriguez
2633,Nicholson Fragrance New Keith Market,Nicholson Fragrance Group,Connie Lawrence,Anthony Rodriguez
2634,Nicholson Fragrance Lake Lisa Outlet,Nicholson Fragrance Group,Connie Lawrence,Anthony Rodriguez
2635,Nicholson Fragrance Dalefort Boutique,Nicholson Fragrance Group,Connie Lawrence,Anthony Rodriguez
2636,Nicholson Fragrance Stephaniemouth Shop,Nicholson Fragrance Group,Connie Lawrence,Anthony Rodriguez
2637,Nicholson Fragrance Teresamouth Plaza,Nicholson Fragrance Group,Connie Lawrence,Anthony Rodriguez
2638,Nicholson Fragrance South Matthew Boutique,Nicholson Fragrance Group,Connie Lawrence,Anthony Rodriguez
2639,Nicholson Fragrance New Hannah Plaza,Nicholson Fragrance Group,Connie Lawrence,Anthony Rodriguez
2640,Tran Fragrance Sototown Corner,Tran Fragrance Group,Ryan Munoz,Judy Baker
2641,Nicholson Fragrance Port Suzanne Store,Nicholson Fragrance Group,Connie Lawrence,Anthony Rodriguez
2642,Nicholson Fragrance Jonesmouth Market,Nicholson Fragrance Group,Connie Lawrence,Anthony Rodriguez
2643,Nicholson Fragrance Lisaton Boutique,Nicholson Fragrance Group,Connie Lawrence,Anthony Rodriguez
2644,Nicholson Fragrance North Lisashire Store,Nicholson Fragrance Group,Connie Lawrence,Anthony Rodriguez
2645,Nicholson Fragrance New Logan Corner,Nicholson Fragrance Group,Connie Lawrence,Anthony Rodriguez
2646,Nicholson Fragrance West Janice Store,Nicholson Fragrance Group,Connie Lawrence,Anthony Rodriguez
2647,Nicholson Fragrance Clarkview Boutique,Nicholson Fragrance Group,Connie Lawrence,Anthony Rodriguez
2648,Nicholson Fragrance Owensfurt Boutique,Nicholson Fragrance Group,Connie Lawrence,Anthony Rodriguez
2649,Nicholson Fragrance Hatfieldmouth Corner,Nicholson Fragrance Group,Connie Lawrence,Anthony Rodriguez
2650,Nicholson Fragrance Port Lisa Store,Nicholson Fragrance Group,Connie Lawrence,Anthony Rodriguez
2651,Nicholson Fragrance East Jessicastad Shop,Nicholson Fragrance Group,Connie Lawrence,Anthony Rodriguez
2652,Nicholson Fragrance East Scott Market,Nicholson Fragrance Group,Connie Lawrence,Anthony Rodriguez
2653,Nicholson Fragrance Natalieton Boutique,Nicholson Fragrance Group,Connie Lawrence,Anthony Rodriguez
2654,Nicholson Fragrance North Jennifer Boutique,Nicholson Fragrance Group,Connie Lawrence,Anthony Rodriguez
2655,Washington Scents New Bryanmouth Corner,Washington Scents Corp,Allison Hill,Judy Baker
2656,Nicholson Fragrance Allenchester Shop,Nicholson Fragrance Group,Connie Lawrence,Anthony Rodriguez
2657,Harrington Fragrance Monroeburgh Plaza,Harrington Fragrance Corp,Lisa Jackson,Stephanie Ross
2658,Lyons Fragrance Brianview Boutique,Lyons Fragrance Holding,Brian Ramirez,Zachary Hicks
2659,Collins Scents Tinaborough Store,Collins Scents Corp,Lisa Hensley,Stephanie Ross
2660,Nicholson Fragrance Kellyview Corner,Nicholson Fragrance Group,Connie Lawrence,Anthony Rodriguez
2661,Nicholson Fragrance Frankfort Outlet,Nicholson Fragrance Group,Connie Lawrence,Anthony Rodriguez
2662,Nicholson Fragrance Port Kellyport Market,Nicholson Fragrance Group,Connie Lawrence,Anthony Rodriguez
2663,Nicholson Fragrance Kelseyshire Store,Nicholson Fragrance Group,Connie Lawrence,Anthony Rodriguez
2664,Nicholson Fragrance West Heather Shop,Nicholson Fragrance Group,Connie Lawrence,Anthony Rodriguez
2665,Nicholson Fragrance Port Christopher Outlet,Nicholson Fragrance Group,Connie Lawrence,Anthony Rodriguez
2666,Nicholson Fragrance Zimmermanbury Store,Nicholson Fragrance Group,Connie Lawrence,Anthony Rodriguez
